2|0x1d00ffff|0x300030003|0x100010001
3|0x1d00ffff|0x400040004|0x100010001
4|0x1d00ffff|0x500050005|0x100010001
5|0x1d00ffff|0x600060006|0x100010001
6|0x1d00ffff|0x700070007|0x100010001
32256|0x1d00d86a|0x7e01acd42dd2|0x12ed3afd2
32257|0x1d00d86a|0x7e02dba7dda4|0x12ed3afd2
32258|0x1d00d86a|0x7e040a7b8d76|0x12ed3afd2
32259|0x1d00d86a|0x7e05394f3d48|0x12ed3afd2
32260|0x1d00d86a|0x7e066822ed1a|0x12ed3afd2
34272|0x1d00c428|0x87528f22ef20|0x14e19db60
34273|0x1d00c428|0x8753dd3cca80|0x14e19db60
34274|0x1d00c428|0x87552b56a5e0|0x14e19db60
34275|0x1d00c428|0x875679708140|0x14e19db60
34276|0x1d00c428|0x8757c78a5ca0|0x14e19db60
36288|0x1d00be71|0x9199a4c92090|0x1582078d0
36289|0x1d00be71|0x919afce99960|0x1582078d0
36290|0x1d00be71|0x919c550a1230|0x1582078d0
36291|0x1d00be71|0x919dad2a8b00|0x1582078d0
36292|0x1d00be71|0x919f054b03d0|0x1582078d0
38304|0x1d008cc3|0x9c301df4d2a6|0x1d194c4e6
38305|0x1d008cc3|0x9c31ef89978c|0x1d194c4e6
38306|0x1d008cc3|0x9c33c11e5c72|0x1d194c4e6
38307|0x1d008cc3|0x9c3592b32158|0x1d194c4e6
38308|0x1d008cc3|0x9c376447e63e|0x1d194c4e6
40320|0x1c654657|0xaa83470b0222|0x2871c6122
40321|0x1c654657|0xaa85ce276344|0x2871c6122
40322|0x1c654657|0xaa885543c466|0x2871c6122
40323|0x1c654657|0xaa8adc602588|0x2871c6122
40324|0x1c654657|0xaa8d637c86aa|0x2871c6122
42336|0x1c43b3e5|0xbe6c876ab1ca|0x3c7ff250a
42337|0x1c43b3e5|0xbe704f69d6d4|0x3c7ff250a
42338|0x1c43b3e5|0xbe741768fbde|0x3c7ff250a
42339|0x1c43b3e5|0xbe77df6820e8|0x3c7ff250a
42340|0x1c43b3e5|0xbe7ba76745f2|0x3c7ff250a
44352|0x1c387f6f|0xdc3440a8bcb5|0x487f98135
44353|0x1c387f6f|0xdc38c8a23dea|0x487f98135
44354|0x1c387f6f|0xdc3d509bbf1f|0x487f98135
44355|0x1c387f6f|0xdc41d8954054|0x487f98135
44356|0x1c387f6f|0xdc46608ec189|0x487f98135
46368|0x1c381375|0xffe3163bd1cb|0x490b314eb
46369|0x1c381375|0xffe7a6eee6b6|0x490b314eb
46370|0x1c381375|0xffec37a1fba1|0x490b314eb
46371|0x1c381375|0xfff0c855108c|0x490b314eb
46372|0x1c381375|0xfff559082577|0x490b314eb
48384|0x1c2a1115|0x123d81db55deb|0x615e7e66b
48385|0x1c2a1115|0x123de339d4456|0x615e7e66b
48386|0x1c2a1115|0x123e449852ac1|0x615e7e66b
48387|0x1c2a1115|0x123ea5f6d112c|0x615e7e66b
48388|0x1c2a1115|0x123f07554f797|0x615e7e66b
50400|0x1c20bca7|0x153c65bea0b41|0x7d1e60921
50401|0x1c20bca7|0x153ce2dd01462|0x7d1e60921
50402|0x1c20bca7|0x153d5ffb61d83|0x7d1e60921
50403|0x1c20bca7|0x153ddd19c26a4|0x7d1e60921
50404|0x1c20bca7|0x153e5a3822fc5|0x7d1e60921
52416|0x1c16546f|0x1915ef474c378|0xb76e8dd78
52417|0x1c16546f|0x1916a6b5da0f0|0xb76e8dd78
52418|0x1c16546f|0x19175e2467e68|0xb76e8dd78
52419|0x1c16546f|0x19181592f5be0|0xb76e8dd78
52420|0x1c16546f|0x1918cd0183958|0xb76e8dd78
54432|0x1c13ec53|0x1eba8c0cce189|0xcd970ea89
54433|0x1c13ec53|0x1ebb59a3dcc12|0xcd970ea89
54434|0x1c13ec53|0x1ebc273aeb69b|0xcd970ea89
54435|0x1c13ec53|0x1ebcf4d1fa124|0xcd970ea89
54436|0x1c13ec53|0x1ebdc26908bad|0xcd970ea89
56448|0x1c159c24|0x250d819412f02|0xbd8ae4122
56449|0x1c159c24|0x250e3f1ef7024|0xbd8ae4122
56450|0x1c159c24|0x250efca9db146|0xbd8ae4122
56451|0x1c159c24|0x250fba34bf268|0xbd8ae4122
56452|0x1c159c24|0x251077bfa338a|0xbd8ae4122
58464|0x1c0f675c|0x2ae273b606a1d|0x109e8c907d
58465|0x1c0f675c|0x2ae37d9ecfa9a|0x109e8c907d
58466|0x1c0f675c|0x2ae4878798b17|0x109e8c907d
58467|0x1c0f675c|0x2ae5917061b94|0x109e8c907d
58468|0x1c0f675c|0x2ae69b592ac11|0x109e8c907d
60480|0x1c0eba64|0x33108918048f5|0x1161ba96f5
60481|0x1c0eba64|0x33119f33adfea|0x1161ba96f5
60482|0x1c0eba64|0x3312b54f576df|0x1161ba96f5
60483|0x1c0eba64|0x3313cb6b00dd4|0x1161ba96f5
60484|0x1c0eba64|0x3314e186aa4c9|0x1161ba96f5
62496|0x1c0d3142|0x3b9ec34de9e84|0x1367b42324
62497|0x1c0d3142|0x3b9ff9c92c1a8|0x1367b42324
62498|0x1c0d3142|0x3ba130446e4cc|0x1367b42324
62499|0x1c0d3142|0x3ba266bfb07f0|0x1367b42324
62500|0x1c0d3142|0x3ba39d3af2b14|0x1367b42324
64512|0x1c0ae493|0x452c0f8291bfd|0x178069e51d
64513|0x1c0ae493|0x452d87893011a|0x178069e51d
64514|0x1c0ae493|0x452eff8fce637|0x178069e51d
64515|0x1c0ae493|0x453077966cb54|0x178069e51d
64516|0x1c0ae493|0x4531ef9d0b071|0x178069e51d
66528|0x1c05a3f4|0x50bea1c9e1ef3|0x2d62f2a3b3
66529|0x1c05a3f4|0x50c177f90c2a6|0x2d62f2a3b3
66530|0x1c05a3f4|0x50c44e2836659|0x2d62f2a3b3
66531|0x1c05a3f4|0x50c7245760a0c|0x2d62f2a3b3
66532|0x1c05a3f4|0x50c9fa868adbf|0x2d62f2a3b3
68544|0x1c0168fd|0x671dd7c3f2bad|0xb58bca8ecd
68545|0x1c0168fd|0x672930809ba7a|0xb58bca8ecd
68546|0x1c0168fd|0x6734893d44947|0xb58bca8ecd
68547|0x1c0168fd|0x673fe1f9ed814|0xb58bca8ecd
68548|0x1c0168fd|0x674b3ab6966e1|0xb58bca8ecd
70560|0x1c010c5a|0xc07c903232caa|0xf4378a016a
70561|0x1c010c5a|0xc08bd3aad2e14|0xf4378a016a
70562|0x1c010c5a|0xc09b172372f7e|0xf4378a016a
70563|0x1c010c5a|0xc0aa5a9c130e8|0xf4378a016a
70564|0x1c010c5a|0xc0b99e14b3252|0xf4378a016a
72576|0x1c00ba18|0x138b6a55097800|0x1602aa52a00
72577|0x1c00ba18|0x138cca7faea200|0x1602aa52a00
72578|0x1c00ba18|0x138e2aaa53cc00|0x1602aa52a00
72579|0x1c00ba18|0x138f8ad4f8f600|0x1602aa52a00
72580|0x1c00ba18|0x1390eaff9e2000|0x1602aa52a00
74592|0x1c00800e|0x1e6159c7152d54|0x1ffc8061f54
74593|0x1c00800e|0x1e63598f1b4ca8|0x1ffc8061f54
74594|0x1c00800e|0x1e655957216bfc|0x1ffc8061f54
74595|0x1c00800e|0x1e67591f278b50|0x1ffc8061f54
74596|0x1c00800e|0x1e6958e72daaa4|0x1ffc8061f54
76608|0x1b692098|0x2e201094c4f64d|0x26f657f32cd
76609|0x1b692098|0x2e227ffa44291a|0x26f657f32cd
76610|0x1b692098|0x2e24ef5fc35be7|0x26f657f32cd
76611|0x1b692098|0x2e275ec5428eb4|0x26f657f32cd
76612|0x1b692098|0x2e29ce2ac1c181|0x26f657f32cd
78624|0x1b5bede6|0x414da95e4532e8|0x2c8e54f6108
78625|0x1b5bede6|0x415072439493f0|0x2c8e54f6108
78626|0x1b5bede6|0x41533b28e3f4f8|0x2c8e54f6108
78627|0x1b5bede6|0x4156040e335600|0x2c8e54f6108
78628|0x1b5bede6|0x4158ccf382b708|0x2c8e54f6108
80640|0x1b4766ed|0x573c8422533f62|0x395d8414e82
80641|0x1b4766ed|0x574019fa948de4|0x395d8414e82
80642|0x1b4766ed|0x5743afd2d5dc66|0x395d8414e82
80643|0x1b4766ed|0x574745ab172ae8|0x395d8414e82
80644|0x1b4766ed|0x574adb8358796a|0x395d8414e82
82656|0x1b31b2a3|0x737a1bfd0b4977|0x526b0af18d7
82657|0x1b31b2a3|0x737f42adba624e|0x526b0af18d7
82658|0x1b31b2a3|0x7384695e697b25|0x526b0af18d7
82659|0x1b31b2a3|0x7389900f1893fc|0x526b0af18d7
82660|0x1b31b2a3|0x738eb6bfc7acd3|0x526b0af18d7
84672|0x1b2f8e9d|0x9c0b06bbd7ad42|0x5620c97df82
84673|0x1b2f8e9d|0x9c1068c86f8cc4|0x5620c97df82
84674|0x1b2f8e9d|0x9c15cad5076c46|0x5620c97df82
84675|0x1b2f8e9d|0x9c1b2ce19f4bc8|0x5620c97df82
84676|0x1b2f8e9d|0x9c208eee372b4a|0x5620c97df82
86688|0x1b1e7eca|0xc6722ce93aa58d|0x8650dfab80d
86689|0x1b1e7eca|0xc67a91f7355d9a|0x8650dfab80d
86690|0x1b1e7eca|0xc682f7053015a7|0x8650dfab80d
86691|0x1b1e7eca|0xc68b5c132acdb4|0x8650dfab80d
86692|0x1b1e7eca|0xc693c1212585c1|0x8650dfab80d
88704|0x1b153263|0x10891a9ba61f634|0xc13c8b8a254
88705|0x1b153263|0x1089dbd831a9888|0xc13c8b8a254
88706|0x1b153263|0x108a9d14bd33adc|0xc13c8b8a254
88707|0x1b153263|0x108b5e5148bdd30|0xc13c8b8a254
88708|0x1b153263|0x108c1f8dd447f84|0xc13c8b8a254
90720|0x1b0e7256|0x167b31b0bedb170|0x11b86c460810
90721|0x1b0e7256|0x167c4d37833b980|0x11b86c460810
90722|0x1b0e7256|0x167d68be479c190|0x11b86c460810
90723|0x1b0e7256|0x167e84450bfc9a0|0x11b86c460810
90724|0x1b0e7256|0x167f9fcbd05d1b0|0x11b86c460810
92736|0x1b098b2a|0x1f3488a4808042d|0x1ad300e0dccd
92737|0x1b098b2a|0x1f3635d48e8e0fa|0x1ad300e0dccd
92738|0x1b098b2a|0x1f37e3049c9bdc7|0x1ad300e0dccd
92739|0x1b098b2a|0x1f399034aaa9a94|0x1ad300e0dccd
92740|0x1b098b2a|0x1f3b3d64b8b7761|0x1ad300e0dccd
94752|0x1b081cd2|0x2c68aec837cb3ad|0x1f8e518abded
94753|0x1b081cd2|0x2c6aa7ad507719a|0x1f8e518abded
94754|0x1b081cd2|0x2c6ca0926922f87|0x1f8e518abded
94755|0x1b081cd2|0x2c6e997781ced74|0x1f8e518abded
94756|0x1b081cd2|0x2c70925c9a7ab61|0x1f8e518abded
96768|0x1b055953|0x3bf1bfc86561bac|0x2fdc2fcc7b8c
96769|0x1b055953|0x3bf4bd8b6229738|0x2fdc2fcc7b8c
96770|0x1b055953|0x3bf7bb4e5ef12c4|0x2fdc2fcc7b8c
96771|0x1b055953|0x3bfab9115bb8e50|0x2fdc2fcc7b8c
96772|0x1b055953|0x3bfdb6d458809dc|0x2fdc2fcc7b8c
98784|0x1b04864c|0x5380aad22fb721e|0x38946224e37e
98785|0x1b04864c|0x53843418520559c|0x38946224e37e
98786|0x1b04864c|0x5387bd5e745391a|0x38946224e37e
98787|0x1b04864c|0x538b46a496a1c98|0x38946224e37e
98788|0x1b04864c|0x538ecfeab8f0016|0x38946224e37e
100800|0x1b0404cb|0x6f5a2514ecc5ae0|0x3fb3ab764c00
100801|0x1b0404cb|0x6f5e204fa42a6e0|0x3fb3ab764c00
100802|0x1b0404cb|0x6f621b8a5b8f2e0|0x3fb3ab764c00
100803|0x1b0404cb|0x6f6616c512f3ee0|0x3fb3ab764c00
100804|0x1b0404cb|0x6f6a11ffca58ae0|0x3fb3ab764c00
102816|0x1b038dee|0x8eb5189d3e95e6c|0x4805ecfccf8c
102817|0x1b038dee|0x8eb998fc0e62df8|0x4805ecfccf8c
102818|0x1b038dee|0x8ebe195ade2fd84|0x4805ecfccf8c
102819|0x1b038dee|0x8ec299b9adfcd10|0x4805ecfccf8c
102820|0x1b038dee|0x8ec71a187dc9c9c|0x4805ecfccf8c
104832|0x1b02fa29|0xb228e2ae56b12e0|0x55fcb79c1580
104833|0x1b02fa29|0xb22e4279d072860|0x55fcb79c1580
104834|0x1b02fa29|0xb233a2454a33de0|0x55fcb79c1580
104835|0x1b02fa29|0xb2390210c3f5360|0x55fcb79c1580
104836|0x1b02fa29|0xb23e61dc3db68e0|0x55fcb79c1580
106848|0x1b028552|0xdc7c3e261c997fa|0x658e46d14a9a
106849|0x1b028552|0xdc82970a89ae294|0x658e46d14a9a
106850|0x1b028552|0xdc88efeef6c2d2e|0x658e46d14a9a
106851|0x1b028552|0xdc8f48d363d77c8|0x658e46d14a9a
106852|0x1b028552|0xdc95a1b7d0ec262|0x658e46d14a9a
108864|0x1b01cc26|0x10e7ad2e3c9dc129|0x8e6c7179f709
108865|0x1b01cc26|0x10e83b9aae17b832|0x8e6c7179f709
108866|0x1b01cc26|0x10e8ca071f91af3b|0x8e6c7179f709
108867|0x1b01cc26|0x10e95873910ba644|0x8e6c7179f709
108868|0x1b01cc26|0x10e9e6e002859d4d|0x8e6c7179f709
110880|0x1b012dcd|0x15498de5c967852e|0xd9265dca542e
110881|0x1b012dcd|0x154a670c2731d95c|0xd9265dca542e
110882|0x1b012dcd|0x154b403284fc2d8a|0xd9265dca542e
110883|0x1b012dcd|0x154c1958e2c681b8|0xd9265dca542e
110884|0x1b012dcd|0x154cf27f4090d5e6|0xd9265dca542e
112896|0x1b00dc31|0x1bf7ec83cd237273|0x129a1c82f5733
112897|0x1b00dc31|0x1bf916259552c9a6|0x129a1c82f5733
112898|0x1b00dc31|0x1bfa3fc75d8220d9|0x129a1c82f5733
112899|0x1b00dc31|0x1bfb696925b1780c|0x129a1c82f5733
112900|0x1b00dc31|0x1bfc930aede0cf3f|0x129a1c82f5733
114912|0x1b00f339|0x251faa5d501329b1|0x10d72d6505cd1
114913|0x1b00f339|0x2520b7d026638682|0x10d72d6505cd1
114914|0x1b00f339|0x2521c542fcb3e353|0x10d72d6505cd1
114915|0x1b00f339|0x2522d2b5d3044024|0x10d72d6505cd1
114916|0x1b00f339|0x2523e028a9549cf5|0x10d72d6505cd1
116928|0x1b00cbbd|0x2d69c6ed192d37ae|0x141aae68f7cee
116929|0x1b00cbbd|0x2d6b0897ffbcb49c|0x141aae68f7cee
116930|0x1b00cbbd|0x2d6c4a42e64c318a|0x141aae68f7cee
116931|0x1b00cbbd|0x2d6d8bedccdbae78|0x141aae68f7cee
116932|0x1b00cbbd|0x2d6ecd98b36b2b66|0x141aae68f7cee
118944|0x1b00b5ac|0x374f0fd6dc9b2ff4|0x168bd0005a2f4
118945|0x1b00b5ac|0x37507893dca0d2e8|0x168bd0005a2f4
118946|0x1b00b5ac|0x3751e150dca675dc|0x168bd0005a2f4
118947|0x1b00b5ac|0x37534a0ddcac18d0|0x168bd0005a2f4
118948|0x1b00b5ac|0x3754b2cadcb1bbc4|0x168bd0005a2f4
120960|0x1b0098fa|0x426823e1d78011b6|0x1ac67ce874336
120961|0x1b0098fa|0x4269d049a60754ec|0x1ac67ce874336
120962|0x1b0098fa|0x426b7cb1748e9822|0x1ac67ce874336
120963|0x1b0098fa|0x426d29194315db58|0x1ac67ce874336
120964|0x1b0098fa|0x426ed581119d1e8e|0x1ac67ce874336
122976|0x1a6a93b3|0x4f968fdf3ff41f3c|0x266eacdca077c
122977|0x1a6a93b3|0x4f98f6ca0dbe26b8|0x266eacdca077c
122978|0x1a6a93b3|0x4f9b5db4db882e34|0x266eacdca077c
122979|0x1a6a93b3|0x4f9dc49fa95235b0|0x266eacdca077c
122980|0x1a6a93b3|0x4fa02b8a771c3d2c|0x266eacdca077c
124992|0x1a44b9f2|0x62825b9d3f980619|0x3b9943672fdd9
124993|0x1a44b9f2|0x62861531760b03f2|0x3b9943672fdd9
124994|0x1a44b9f2|0x6289cec5ac7e01cb|0x3b9943672fdd9
124995|0x1a44b9f2|0x628d8859e2f0ffa4|0x3b9943672fdd9
124996|0x1a44b9f2|0x629141ee1963fd7d|0x3b9943672fdd9
127008|0x1a269421|0x7fdab3f9811f7662|0x6a2c3ae6b6142
127009|0x1a269421|0x7fe156bd2f8ad7a4|0x6a2c3ae6b6142
127010|0x1a269421|0x7fe7f980ddf638e6|0x6a2c3ae6b6142
127011|0x1a269421|0x7fee9c448c619a28|0x6a2c3ae6b6142
127012|0x1a269421|0x7ff53f083accfb6a|0x6a2c3ae6b6142
129024|0x1a1d932f|0xb41e7e218ff8e5fe|0x8a7ee2fa6e91e
129025|0x1a1d932f|0xb427260fbf9fcf1c|0x8a7ee2fa6e91e
129026|0x1a1d932f|0xb42fcdfdef46b83a|0x8a7ee2fa6e91e
129027|0x1a1d932f|0xb43875ec1eeda158|0x8a7ee2fa6e91e
129028|0x1a1d932f|0xb4411dda4e948a76|0x8a7ee2fa6e91e
131040|0x1a132185|0xf84dab9282bc9055|0xd61a7dffec735
131041|0x1a132185|0xf85b0d3a62bb578a|0xd61a7dffec735
131042|0x1a132185|0xf8686ee242ba1ebf|0xd61a7dffec735
131043|0x1a132185|0xf875d08a22b8e5f4|0xd61a7dffec735
131044|0x1a132185|0xf883323202b7ad29|0xd61a7dffec735
133056|0x1a0c2a12|0x161b65f7bee75308e|0x150b8d5556a60e
133057|0x1a0c2a12|0x161cb6b0943cbd69c|0x150b8d5556a60e
133058|0x1a0c2a12|0x161e0769699227caa|0x150b8d5556a60e
133059|0x1a0c2a12|0x161f58223ee7922b8|0x150b8d5556a60e
133060|0x1a0c2a12|0x1620a8db143cfc8c6|0x150b8d5556a60e
135072|0x1a0abbcf|0x20774269a7c278a77|0x17d9abd8ad51b7
135073|0x1a0abbcf|0x2078c004654d4dc2e|0x17d9abd8ad51b7
135074|0x1a0abbcf|0x207a3d9f22d822de5|0x17d9abd8ad51b7
135075|0x1a0abbcf|0x207bbb39e062f7f9c|0x17d9abd8ad51b7
135076|0x1a0abbcf|0x207d38d49dedcd153|0x17d9abd8ad51b7
137088|0x1a09ec04|0x2c3484362931c2c11|0x19cd299abe7231
137089|0x1a09ec04|0x2c362108c2dda9e42|0x19cd299abe7231
137090|0x1a09ec04|0x2c37bddb5c8991073|0x19cd299abe7231
137091|0x1a09ec04|0x2c395aadf635782a4|0x19cd299abe7231
137092|0x1a09ec04|0x2c3af7808fe15f4d5|0x19cd299abe7231
139104|0x1a08e1e5|0x38e7af00b1ae286f1|0x1cd22f86c18b31
139105|0x1a08e1e5|0x38e97c23aa1a41222|0x1cd22f86c18b31
139106|0x1a08e1e5|0x38eb4946a28659d53|0x1cd22f86c18b31
139107|0x1a08e1e5|0x38ed16699af272884|0x1cd22f86c18b31
139108|0x1a08e1e5|0x38eee38c935e8b3b5|0x1cd22f86c18b31
141120|0x1a094a86|0x47170e1c12bfa4b30|0x1b8da063b12d90
141121|0x1a094a86|0x4718c6f618fab78c0|0x1b8da063b12d90
141122|0x1a094a86|0x471a7fd01f35ca650|0x1b8da063b12d90
141123|0x1a094a86|0x471c38aa2570dd3e0|0x1b8da063b12d90
141124|0x1a094a86|0x471df1842babf0170|0x1b8da063b12d90
143136|0x1a096fe3|0x54a6bc3bb777dfa3e|0x1b20899bee0e9e
143137|0x1a096fe3|0x54a86e445136c08dc|0x1b20899bee0e9e
143138|0x1a096fe3|0x54aa204ceaf5a177a|0x1b20899bee0e9e
143139|0x1a096fe3|0x54abd25584b482618|0x1b20899bee0e9e
143140|0x1a096fe3|0x54ad845e1e73634b6|0x1b20899bee0e9e
145152|0x1a098ea5|0x6200ba819e98032f3|0x1ac93c1b3d2b13
145153|0x1a098ea5|0x62026715604bd5e06|0x1ac93c1b3d2b13
145154|0x1a098ea5|0x620413a921ffa8919|0x1ac93c1b3d2b13
145155|0x1a098ea5|0x6205c03ce3b37b42c|0x1ac93c1b3d2b13
145156|0x1a098ea5|0x62076cd0a5674df3f|0x1ac93c1b3d2b13
147168|0x1a09ee5d|0x6f2fb5f447e9a1917|0x19c7102ea3db97
147169|0x1a09ee5d|0x6f3152654ad3df4ae|0x19c7102ea3db97
147170|0x1a09ee5d|0x6f32eed64dbe1d045|0x19c7102ea3db97
147171|0x1a09ee5d|0x6f348b4750a85abdc|0x19c7102ea3db97
147172|0x1a09ee5d|0x6f3627b8539298773|0x19c7102ea3db97
149184|0x1a0b6d4b|0x7bdf79edd6eefaf62|0x166739d4982cc2
149185|0x1a0b6d4b|0x7be0e06174387dc24|0x166739d4982cc2
149186|0x1a0b6d4b|0x7be246d51182008e6|0x166739d4982cc2
149187|0x1a0b6d4b|0x7be3ad48aecb835a8|0x166739d4982cc2
149188|0x1a0b6d4b|0x7be513bc4c150626a|0x166739d4982cc2
151200|0x1a0df0ca|0x86e607c2612f78165|0x125d184a3f8705
151201|0x1a0df0ca|0x86e72d93e5d37086a|0x125d184a3f8705
151202|0x1a0df0ca|0x86e853656a7768f6f|0x125d184a3f8705
151203|0x1a0df0ca|0x86e97936ef1b61674|0x125d184a3f8705
151204|0x1a0df0ca|0x86ea9f0873bf59d79|0x125d184a3f8705
153216|0x1a0e119a|0x8fefd709a6f49113c|0x123243f249cf7c
153217|0x1a0e119a|0x8ff0fa2de6192e0b8|0x123243f249cf7c
153218|0x1a0e119a|0x8ff21d52253dcb034|0x123243f249cf7c
153219|0x1a0e119a|0x8ff34076646267fb0|0x123243f249cf7c
153220|0x1a0e119a|0x8ff4639aa38704f2c|0x123243f249cf7c
155232|0x1a0f61b1|0x98e47ba16d5055c05|0x10a4ac52c429c5
155233|0x1a0f61b1|0x98e585ec327c985ca|0x10a4ac52c429c5
155234|0x1a0f61b1|0x98e69036f7a8daf8f|0x10a4ac52c429c5
155235|0x1a0f61b1|0x98e79a81bcd51d954|0x10a4ac52c429c5
155236|0x1a0f61b1|0x98e8a4cc820160319|0x10a4ac52c429c5
157248|0x1a0e8668|0xa115982664078bb3e|0x119feff56e999e
157249|0x1a0e8668|0xa116b225635e754dc|0x119feff56e999e
157250|0x1a0e8668|0xa117cc2462b55ee7a|0x119feff56e999e
157251|0x1a0e8668|0xa118e623620c48818|0x119feff56e999e
157252|0x1a0e8668|0xa11a00226163321b6|0x119feff56e999e
159264|0x1a0e76ba|0xa9c25172e4459291d|0x11b30b32554b3d
159265|0x1a0e76ba|0xa9c36ca3976ae745a|0x11b30b32554b3d
159266|0x1a0e76ba|0xa9c487d44a903bf97|0x11b30b32554b3d
159267|0x1a0e76ba|0xa9c5a304fdb590ad4|0x11b30b32554b3d
159268|0x1a0e76ba|0xa9c6be35b0dae5611|0x11b30b32554b3d
161280|0x1a0d69d7|0xb2788722844ce4bff|0x1315d8d319edbf
161281|0x1a0d69d7|0xb279b880117e839be|0x1315d8d319edbf
161282|0x1a0d69d7|0xb27ae9dd9eb02277d|0x1315d8d319edbf
161283|0x1a0d69d7|0xb27c1b3b2be1c153c|0x1315d8d319edbf
161284|0x1a0d69d7|0xb27d4c98b913602fb|0x1315d8d319edbf
163296|0x1a0cd43f|0xbbdd55c322e997b69|0x13f46450b4dd09
163297|0x1a0cd43f|0xbbde950967f4e5872|0x13f46450b4dd09
163298|0x1a0cd43f|0xbbdfd44fad003357b|0x13f46450b4dd09
163299|0x1a0cd43f|0xbbe11395f20b81284|0x13f46450b4dd09
163300|0x1a0cd43f|0xbbe252dc3716cef8d|0x13f46450b4dd09
165312|0x1a0c290b|0xc5afb0b1debf61c18|0x150d547dc4d6d8
165313|0x1a0c290b|0xc5b10187269baf2f0|0x150d547dc4d6d8
165314|0x1a0c290b|0xc5b2525c6e77fc9c8|0x150d547dc4d6d8
165315|0x1a0c290b|0xc5b3a331b6544a0a0|0x150d547dc4d6d8
165316|0x1a0c290b|0xc5b4f406fe3097778|0x150d547dc4d6d8
167328|0x1a0c309c|0xd00c3f76b2124a2c2|0x15004344d77882
167329|0x1a0c309c|0xd00d8f7ae65fc1b44|0x15004344d77882
167330|0x1a0c309c|0xd00edf7f1aad393c6|0x15004344d77882
167331|0x1a0c309c|0xd0102f834efab0c48|0x15004344d77882
167332|0x1a0c309c|0xd0117f878348284ca|0x15004344d77882
169344|0x1a0b350c|0xda627e08f6d1f327d|0x16d7a96ffd087d
169345|0x1a0b350c|0xda63eb838dd1c3afa|0x16d7a96ffd087d
169346|0x1a0b350c|0xda6558fe24d194377|0x16d7a96ffd087d
169347|0x1a0b350c|0xda66c678bbd164bf4|0x16d7a96ffd087d
169348|0x1a0b350c|0xda6833f352d135471|0x16d7a96ffd087d
171360|0x1a0b3287|0xe5a0a3c051f73c6f5|0x16dccd39aec495
171361|0x1a0b3287|0xe5a2118d259228b8a|0x16dccd39aec495
171362|0x1a0b3287|0xe5a37f59f92d1501f|0x16dccd39aec495
171363|0x1a0b3287|0xe5a4ed26ccc8014b4|0x16dccd39aec495
171364|0x1a0b3287|0xe5a65af3a062ed949|0x16dccd39aec495
173376|0x1a0a507e|0xf0e170130731bc46d|0x18d1d24d0aacad
173377|0x1a0a507e|0xf0e2fd302c026711a|0x18d1d24d0aacad
173378|0x1a0a507e|0xf0e48a4d50d311dc7|0x18d1d24d0aacad
173379|0x1a0a507e|0xf0e6176a75a3bca74|0x18d1d24d0aacad
173380|0x1a0a507e|0xf0e7a4879a7467721|0x18d1d24d0aacad
175392|0x1a0aa1e3|0xfd18a9b4e6a47c99f|0x1813d19026df7f
175393|0x1a0aa1e3|0xfd1a2af1ffa6ea91e|0x1813d19026df7f
175394|0x1a0aa1e3|0xfd1bac2f18a95889d|0x1813d19026df7f
175395|0x1a0aa1e3|0xfd1d2d6c31abc681c|0x1813d19026df7f
175396|0x1a0aa1e3|0xfd1eaea94aae3479b|0x1813d19026df7f
177408|0x1a0b1ef7|0x108f259ed0bd51c80a|0x170504b110d5ca
177409|0x1a0b1ef7|0x108f3ca3d56e629dd4|0x170504b110d5ca
177410|0x1a0b1ef7|0x108f53a8da1f73739e|0x170504b110d5ca
177411|0x1a0b1ef7|0x108f6aadded0844968|0x170504b110d5ca
177412|0x1a0b1ef7|0x108f81b2e381951f32|0x170504b110d5ca
179424|0x1a09ae02|0x114470913066d21056|0x1a7271f5fd8756
179425|0x1a09ae02|0x11448b03a25ccf97ac|0x1a7271f5fd8756
179426|0x1a09ae02|0x1144a5761452cd1f02|0x1a7271f5fd8756
179427|0x1a09ae02|0x1144bfe88648caa658|0x1a7271f5fd8756
179428|0x1a09ae02|0x1144da5af83ec82dae|0x1a7271f5fd8756
181440|0x1a0a8b5f|0x1214b3a76adad52bb6|0x18473b3d76dd76
181441|0x1a0a8b5f|0x1214cbeea6184c092c|0x18473b3d76dd76
181442|0x1a0a8b5f|0x1214e435e155c2e6a2|0x18473b3d76dd76
181443|0x1a0a8b5f|0x1214fc7d1c9339c418|0x18473b3d76dd76
181444|0x1a0a8b5f|0x121514c457d0b0a18e|0x18473b3d76dd76
183456|0x1a0a98d6|0x12d3e47b15a6c26803|0x18286201541883
183457|0x1a0a98d6|0x12d3fca377a8168086|0x18286201541883
183458|0x1a0a98d6|0x12d414cbd9a96a9909|0x18286201541883
183459|0x1a0a98d6|0x12d42cf43baabeb18c|0x18286201541883
183460|0x1a0a98d6|0x12d4451c9dac12ca0f|0x18286201541883
185472|0x1a09b78a|0x139224aeff03578c94|0x1a5880e7a83574
185473|0x1a09b78a|0x13923f077feaffc208|0x1a5880e7a83574
185474|0x1a09b78a|0x1392596000d2a7f77c|0x1a5880e7a83574
185475|0x1a09b78a|0x139273b881ba502cf0|0x1a5880e7a83574
185476|0x1a09b78a|0x13928e1102a1f86264|0x1a5880e7a83574
187488|0x1a099431|0x14619e0757ab19a199|0x1ab9b942c558f9
187489|0x1a099431|0x1461b8c110eddefa92|0x1ab9b942c558f9
187490|0x1a099431|0x1461d37aca30a4538b|0x1ab9b942c558f9
187491|0x1a099431|0x1461ee34837369ac84|0x1ab9b942c558f9
187492|0x1a099431|0x146208ee3cb62f057d|0x1ab9b942c558f9
189504|0x1a08fd2e|0x1534165b4003396afd|0x1c7ab3c8c8797d
189505|0x1a08fd2e|0x153432d5f3cc01e47a|0x1c7ab3c8c8797d
189506|0x1a08fd2e|0x15344f50a794ca5df7|0x1c7ab3c8c8797d
189507|0x1a08fd2e|0x15346bcb5b5d92d774|0x1c7ab3c8c8797d
189508|0x1a08fd2e|0x153488460f265b50f1|0x1c7ab3c8c8797d
191520|0x1a083cc9|0x16145f3c378fc06f6e|0x1f13de2a92c58e
191521|0x1a083cc9|0x16147e5015ba5334fc|0x1f13de2a92c58e
191522|0x1a083cc9|0x16149d63f3e4e5fa8a|0x1f13de2a92c58e
191523|0x1a083cc9|0x1614bc77d20f78c018|0x1f13de2a92c58e
191524|0x1a083cc9|0x1614db8bb03a0b85a6|0x1f13de2a92c58e
193536|0x1a07a85e|0x17091e0c1c0f8d77df|0x216e33668c0fbf
193537|0x1a07a85e|0x17093f7a4f7619879e|0x216e33668c0fbf
193538|0x1a07a85e|0x170960e882dca5975d|0x216e33668c0fbf
193539|0x1a07a85e|0x17098256b64331a71c|0x216e33668c0fbf
193540|0x1a07a85e|0x1709a3c4e9a9bdb6db|0x216e33668c0fbf
195552|0x1a06dfbe|0x181065b098114419bc|0x253de7d946b17c
195553|0x1a06dfbe|0x18108aee7fea8acb38|0x253de7d946b17c
195554|0x1a06dfbe|0x1810b02c67c3d17cb4|0x253de7d946b17c
195555|0x1a06dfbe|0x1810d56a4f9d182e30|0x253de7d946b17c
195556|0x1a06dfbe|0x1810faa837765edfac|0x253de7d946b17c
197568|0x1a063a38|0x1935b1104854710496|0x291bc90fbdebd6
197569|0x1a063a38|0x1935da2c11642ef06c|0x291bc90fbdebd6
197570|0x1a063a38|0x19360347da73ecdc42|0x291bc90fbdebd6
197571|0x1a063a38|0x19362c63a383aac818|0x291bc90fbdebd6
197572|0x1a063a38|0x1936557f6c9368b3ee|0x291bc90fbdebd6
199584|0x1a05db8b|0x1a796e7813728c6a9c|0x2bb43836381c9c
199585|0x1a05db8b|0x1a799a2c4ba8c48738|0x2bb43836381c9c
199586|0x1a05db8b|0x1a79c5e083defca3d4|0x2bb43836381c9c
199587|0x1a05db8b|0x1a79f194bc1534c070|0x2bb43836381c9c
199588|0x1a05db8b|0x1a7a1d48f44b6cdd0c|0x2bb43836381c9c
201600|0x1a057e08|0x1bd19c9ad8596dd8d0|0x2e9c5223383e50
201601|0x1a057e08|0x1bd1cb372a7ca61720|0x2e9c5223383e50
201602|0x1a057e08|0x1bd1f9d37c9fde5570|0x2e9c5223383e50
201603|0x1a057e08|0x1bd2286fcec31693c0|0x2e9c5223383e50
201604|0x1a057e08|0x1bd2570c20e64ed210|0x2e9c5223383e50
203616|0x1a0575ef|0x1d40abe6cc2df6a3ad|0x2ee1709cd6532d
203617|0x1a0575ef|0x1d40dac83ccaccf6da|0x2ee1709cd6532d
203618|0x1a0575ef|0x1d4109a9ad67a34a07|0x2ee1709cd6532d
203619|0x1a0575ef|0x1d41388b1e04799d34|0x2ee1709cd6532d
203620|0x1a0575ef|0x1d41676c8ea14ff061|0x2ee1709cd6532d
205632|0x1a0513c5|0x1eb1dec80579612734|0x326bd6d071d454
205633|0x1a0513c5|0x1eb21133dc49d2fb88|0x326bd6d071d454
205634|0x1a0513c5|0x1eb2439fb31a44cfdc|0x326bd6d071d454
205635|0x1a0513c5|0x1eb2760b89eab6a430|0x326bd6d071d454
205636|0x1a0513c5|0x1eb2a87760bb287884|0x326bd6d071d454
207648|0x1a04faeb|0x203ef0ff4ab4c3eb44|0x3367728b6c82e4
207649|0x1a04faeb|0x203f2466bd40306e28|0x3367728b6c82e4
207650|0x1a04faeb|0x203f57ce2fcb9cf10c|0x3367728b6c82e4
207651|0x1a04faeb|0x203f8b35a2570973f0|0x3367728b6c82e4
207652|0x1a04faeb|0x203fbe9d14e275f6d4|0x3367728b6c82e4
209664|0x1a04e0ea|0x21d3c0b7538f1c9860|0x3479716f3e6c80
209665|0x1a04e0ea|0x21d3f530c4fe5b04e0|0x3479716f3e6c80
209666|0x1a04e0ea|0x21d429aa366d997160|0x3479716f3e6c80
209667|0x1a04e0ea|0x21d45e23a7dcd7dde0|0x3479716f3e6c80
209668|0x1a04e0ea|0x21d4929d194c164a60|0x3479716f3e6c80
211680|0x1a04fa62|0x2370fc0827650b4e5f|0x336cf93996b27f
211681|0x1a04fa62|0x23712f75209ea200de|0x336cf93996b27f
211682|0x1a04fa62|0x237162e219d838b35d|0x336cf93996b27f
211683|0x1a04fa62|0x2371964f1311cf65dc|0x336cf93996b27f
211684|0x1a04fa62|0x2371c9bc0c4b66185b|0x336cf93996b27f
213696|0x1a05a16b|0x2505f03d35c38400a3|0x2d77621551bca3
213697|0x1a05a16b|0x25061db497d8d5bd46|0x2d77621551bca3
213698|0x1a05a16b|0x25064b2bf9ee2779e9|0x2d77621551bca3
213699|0x1a05a16b|0x250678a35c0379368c|0x2d77621551bca3
213700|0x1a05a16b|0x2506a61abe18caf32f|0x2d77621551bca3
215712|0x1a0529b1|0x266c007ffabd3fe71f|0x3195bf2b601f7f
215713|0x1a0529b1|0x266c3215b9e8a0069e|0x3195bf2b601f7f
215714|0x1a0529b1|0x266c63ab791400261d|0x3195bf2b601f7f
215715|0x1a0529b1|0x266c9541383f60459c|0x3195bf2b601f7f
215716|0x1a0529b1|0x266cc6d6f76ac0651b|0x3195bf2b601f7f
217728|0x1a05a6b1|0x27f27778a5c8cf50f7|0x2d4cf4a1f78137
217729|0x1a05a6b1|0x27f2a4c59a6ac6d22e|0x2d4cf4a1f78137
217730|0x1a05a6b1|0x27f2d2128f0cbe5365|0x2d4cf4a1f78137
217731|0x1a05a6b1|0x27f2ff5f83aeb5d49c|0x2d4cf4a1f78137
217732|0x1a05a6b1|0x27f32cac7850ad55d3|0x2d4cf4a1f78137
219744|0x1a051f3c|0x29573a2d2735151c11|0x31fafa9123bb31
219745|0x1a051f3c|0x29576c2821c638d742|0x31fafa9123bb31
219746|0x1a051f3c|0x29579e231c575c9273|0x31fafa9123bb31
219747|0x1a051f3c|0x2957d01e16e8804da4|0x31fafa9123bb31
219748|0x1a051f3c|0x295802191179a408d5|0x31fafa9123bb31
221760|0x1a04985c|0x2ae0d85d5ef4c3f678|0x37b5fb577073b8
221761|0x1a04985c|0x2ae110135a4c346a30|0x37b5fb577073b8
221762|0x1a04985c|0x2ae147c955a3a4dde8|0x37b5fb577073b8
221763|0x1a04985c|0x2ae17f7f50fb1551a0|0x37b5fb577073b8
221764|0x1a04985c|0x2ae1b7354c5285c558|0x37b5fb577073b8
223776|0x1a03d74b|0x2c979c68fad960a3f0|0x42a646a67dd830
223777|0x1a03d74b|0x2c97df0f417fde7c20|0x42a646a67dd830
223778|0x1a03d74b|0x2c9821b588265c5450|0x42a646a67dd830
223779|0x1a03d74b|0x2c98645bceccda2c80|0x42a646a67dd830
223780|0x1a03d74b|0x2c98a70215735804b0|0x42a646a67dd830
225792|0x1a0375fa|0x2ea481277c71402a99|0x49f8691f56e4d9
225793|0x1a0375fa|0x2ea4cb1fe590970f72|0x49f8691f56e4d9
225794|0x1a0375fa|0x2ea515184eafedf44b|0x49f8691f56e4d9
225795|0x1a0375fa|0x2ea55f10b7cf44d924|0x49f8691f56e4d9
225796|0x1a0375fa|0x2ea5a90920ee9bbdfd|0x49f8691f56e4d9
227808|0x1a02816e|0x30eb2196e292842148|0x662bf87450aea8
227809|0x1a02816e|0x30eb87c2db06d4cff0|0x662bf87450aea8
227810|0x1a02816e|0x30ebedeed37b257e98|0x662bf87450aea8
227811|0x1a02816e|0x30ec541acbef762d40|0x662bf87450aea8
227812|0x1a02816e|0x30ecba46c463c6dbe8|0x662bf87450aea8
229824|0x1a022fbe|0x340fcac49b1a3fbecc|0x75151d00ace12c
229825|0x1a022fbe|0x34103fd9b81aec9ff8|0x75151d00ace12c
229826|0x1a022fbe|0x3410b4eed51b998124|0x75151d00ace12c
229827|0x1a022fbe|0x34112a03f21c466250|0x75151d00ace12c
229828|0x1a022fbe|0x34119f190f1cf3437c|0x75151d00ace12c
231840|0x1a01de94|0x37a9e4e4445f30bd03|0x88f060f430a4e3
231841|0x1a01de94|0x37aa6dd4a5536161e6|0x88f060f430a4e3
231842|0x1a01de94|0x37aaf6c506479206c9|0x88f060f430a4e3
231843|0x1a01de94|0x37ab7fb5673bc2abac|0x88f060f430a4e3
231844|0x1a01de94|0x37ac08a5c82ff3508f|0x88f060f430a4e3
233856|0x1a01aa3d|0x3be05ab0850d58f1a2|0x99c11ea3465de2
233857|0x1a01aa3d|0x3be0f471a3b09f4f84|0x99c11ea3465de2
233858|0x1a01aa3d|0x3be18e32c253e5ad66|0x99c11ea3465de2
233859|0x1a01aa3d|0x3be227f3e0f72c0b48|0x99c11ea3465de2
233860|0x1a01aa3d|0x3be2c1b4ff9a72692a|0x99c11ea3465de2
235872|0x1a017fe9|0x409b3c75905f35d029|0xaab4e42affe8a9
235873|0x1a017fe9|0x409be72a748a35b8d2|0xaab4e42affe8a9
235874|0x1a017fe9|0x409c91df58b535a17b|0xaab4e42affe8a9
235875|0x1a017fe9|0x409d3c943ce0358a24|0xaab4e42affe8a9
235876|0x1a017fe9|0x409de749210b3572cd|0xaab4e42affe8a9
237888|0x1a016164|0x45db9bb87bfc2f2184|0xb972fd28b10724
237889|0x1a016164|0x45dc552b7924e028a8|0xb972fd28b10724
237890|0x1a016164|0x45dd0e9e764d912fcc|0xb972fd28b10724
237891|0x1a016164|0x45ddc81173764236f0|0xb972fd28b10724
237892|0x1a016164|0x45de8184709ef33e14|0xb972fd28b10724
239904|0x1a011337|0x4b9039ef8e146de5e0|0xee206eced79000
239905|0x1a011337|0x4b91280ffce34575e0|0xee206eced79000
239906|0x1a011337|0x4b9216306bb21d05e0|0xee206eced79000
239907|0x1a011337|0x4b930450da80f495e0|0xee206eced79000
239908|0x1a011337|0x4b93f271494fcc25e0|0xee206eced79000
241920|0x1a00de15|0x52e3b250dd8600d6ed|0x12719215edc810d
241921|0x1a00de15|0x52e4d969fee4dd57fa|0x12719215edc810d
241922|0x1a00de15|0x52e600832043b9d907|0x12719215edc810d
241923|0x1a00de15|0x52e7279c41a2965a14|0x12719215edc810d
241924|0x1a00de15|0x52e84eb5630172db21|0x12719215edc810d
243936|0x1a00c94e|0x5bf7b6aceddb314544|0x1458e66ab94a904
243937|0x1a00c94e|0x5bf8fc3b5486c5ee48|0x1458e66ab94a904
243938|0x1a00c94e|0x5bfa41c9bb325a974c|0x1458e66ab94a904
243939|0x1a00c94e|0x5bfb875821ddef4050|0x1458e66ab94a904
243940|0x1a00c94e|0x5bfccce6888983e954|0x1458e66ab94a904
245952|0x1a00a429|0x65fbc1bf5949576968|0x18f384ae707cda8
245953|0x1a00a429|0x65fd50f7a4305f3710|0x18f384ae707cda8
245954|0x1a00a429|0x65fee02fef176704b8|0x18f384ae707cda8
245955|0x1a00a429|0x66006f6839fe6ed260|0x18f384ae707cda8
245956|0x1a00a429|0x6601fea084e576a008|0x18f384ae707cda8
247968|0x1a008968|0x7243eac8476d6fe504|0x1dcf35dadacbe44
247969|0x1a008968|0x7245c7bba51b1ca348|0x1dcf35dadacbe44
247970|0x1a008968|0x7247a4af02c8c9618c|0x1dcf35dadacbe44
247971|0x1a008968|0x724981a26076761fd0|0x1dcf35dadacbe44
247972|0x1a008968|0x724b5e95be2422de14|0x1dcf35dadacbe44
249984|0x1972dbf2|0x80f044ea5a26c63427|0x23a93b8b6a8b5e7
249985|0x1972dbf2|0x80f27f7e12dd6eea0e|0x23a93b8b6a8b5e7
249986|0x1972dbf2|0x80f4ba11cb94179ff5|0x23a93b8b6a8b5e7
249987|0x1972dbf2|0x80f6f4a5844ac055dc|0x23a93b8b6a8b5e7
249988|0x1972dbf2|0x80f92f393d01690bc3|0x23a93b8b6a8b5e7
252000|0x19548732|0x927e5cf62a3dfc2f7d|0x30750ea5d46361d
252001|0x19548732|0x92816447149b42659a|0x30750ea5d46361d
252002|0x19548732|0x92846b97fef8889bb7|0x30750ea5d46361d
252003|0x19548732|0x928772e8e955ced1d4|0x30750ea5d46361d
252004|0x19548732|0x928a7a39d3b31507f1|0x30750ea5d46361d
254016|0x19415257|0xaa58de22f5d7e1f815|0x3eb48176e41da55
254017|0x19415257|0xaa5cc96b0d4623d26a|0x3eb48176e41da55
254018|0x19415257|0xaa60b4b324b465acbf|0x3eb48176e41da55
254019|0x19415257|0xaa649ffb3c22a78714|0x3eb48176e41da55
254020|0x19415257|0xaa688b435390e96169|0x3eb48176e41da55
256032|0x1931679c|0xc936f916aaf8ecc2fe|0x52e834848b547de
256033|0x1931679c|0xc93c2799f341a20adc|0x52e834848b547de
256034|0x1931679c|0xc941561d3b8a5752ba|0x52e834848b547de
256035|0x1931679c|0xc94684a083d30c9a98|0x52e834848b547de
256036|0x1931679c|0xc94bb323cc1bc1e276|0x52e834848b547de
258048|0x19262222|0xf206cb069a885e6ced|0x6b699fb4490fd8d
258049|0x19262222|0xf20d81a095ccef6a7a|0x6b699fb4490fd8d
258050|0x19262222|0xf214383a9111806807|0x6b699fb4490fd8d
258051|0x19262222|0xf21aeed48c56116594|0x6b699fb4490fd8d
258052|0x19262222|0xf221a56e879aa26321|0x6b699fb4490fd8d
260064|0x191cdc20|0x126e6efdd39dd9356b4|0x8ded5dea3f930f4
260065|0x191cdc20|0x126efceb318818c87a8|0x8ded5dea3f930f4
260066|0x191cdc20|0x126f8ad88f72585b89c|0x8ded5dea3f930f4
260067|0x191cdc20|0x127018c5ed5c97ee990|0x8ded5dea3f930f4
260068|0x191cdc20|0x1270a6b34b46d781a84|0x8ded5dea3f930f4
262080|0x1916b0ca|0x16cc42d7fd00b16f451|0xb483f29871b4d11
262081|0x1916b0ca|0x16ccf75bef992324162|0xb483f29871b4d11
262082|0x1916b0ca|0x16cdabdfe23194d8e73|0xb483f29871b4d11
262083|0x1916b0ca|0x16ce6063d4ca068db84|0xb483f29871b4d11
262084|0x1916b0ca|0x16cf14e7c7627842895|0xb483f29871b4d11
264096|0x19100ab6|0x1c5a1cbf8d547a14cff|0xff55126cca6bfdf
264097|0x19100ab6|0x1c5b1c149fc14480cde|0xff55126cca6bfdf
264098|0x19100ab6|0x1c5c1b69b22e0eeccbd|0xff55126cca6bfdf
264099|0x19100ab6|0x1c5d1abec49ad958c9c|0xff55126cca6bfdf
264100|0x19100ab6|0x1c5e1a13d707a3c4c7b|0xff55126cca6bfdf
266112|0x190afc85|0x2435502ea1af05bf58d|0x174d30e0d43a6c4d
266113|0x190afc85|0x2436c501afbc49661da|0x174d30e0d43a6c4d
266114|0x190afc85|0x243839d4bdc98d0ce27|0x174d30e0d43a6c4d
266115|0x190afc85|0x2439aea7cbd6d0b3a74|0x174d30e0d43a6c4d
266116|0x190afc85|0x243b237ad9e4145a6c1|0x174d30e0d43a6c4d
268128|0x190867f3|0x2fadc0aed7fb6173b6b|0x1e7449be4de0d3cb
268129|0x190867f3|0x2fafa7f373e03f80f36|0x1e7449be4de0d3cb
268130|0x190867f3|0x2fb18f380fc51d8e301|0x1e7449be4de0d3cb
268131|0x190867f3|0x2fb3767caba9fb9b6cc|0x1e7449be4de0d3cb
268132|0x190867f3|0x2fb55dc1478ed9a8a97|0x1e7449be4de0d3cb
270144|0x19070bfb|0x3eab5af7a72b2317986|0x24541c0bff773346
270145|0x19070bfb|0x3eada03967eb1a8accc|0x24541c0bff773346
270146|0x19070bfb|0x3eafe57b28ab11fe012|0x24541c0bff773346
270147|0x19070bfb|0x3eb22abce96b0971358|0x24541c0bff773346
270148|0x19070bfb|0x3eb46ffeaa2b00e469e|0x24541c0bff773346
272160|0x19061242|0x508d1e298a7e66258c9|0x2a2a5bc568f44b49
272161|0x19061242|0x508fc0cf46d4f56a412|0x2a2a5bc568f44b49
272162|0x19061242|0x50926375032b84aef5b|0x2a2a5bc568f44b49
272163|0x19061242|0x5095061abf8213f3aa4|0x2a2a5bc568f44b49
272164|0x19061242|0x5097a8c07bd8a3385ed|0x2a2a5bc568f44b49
274176|0x1904ba6e|0x654eb6f7b2ffcd2940e|0x36248bb2fb93a7ae
274177|0x1904ba6e|0x655219406e2f8663bbc|0x36248bb2fb93a7ae
274178|0x1904ba6e|0x65557b89295f3f9e36a|0x36248bb2fb93a7ae
274179|0x1904ba6e|0x6558ddd1e48ef8d8b18|0x36248bb2fb93a7ae
274180|0x1904ba6e|0x655c401a9fbeb2132c6|0x36248bb2fb93a7ae
276192|0x1903a30c|0x7ff5b7acc9929b46392|0x4663bb9efdacfcf2
276193|0x1903a30c|0x7ffa1de883827616084|0x4663bb9efdacfcf2
276194|0x1903a30c|0x7ffe84243d7250e5d76|0x4663bb9efdacfcf2
276195|0x1903a30c|0x8002ea5ff7622bb5a68|0x4663bb9efdacfcf2
276196|0x1903a30c|0x8007509bb152068575a|0x4663bb9efdacfcf2
278208|0x1903071f|0xa29bb093887c50b5184|0x548ca37fe6bbf924
278209|0x1903071f|0xa2a0f95dc07abc74aa8|0x548ca37fe6bbf924
278210|0x1903071f|0xa2a64227f87928343cc|0x548ca37fe6bbf924
278211|0x1903071f|0xa2ab8af2307793f3cf0|0x548ca37fe6bbf924
278212|0x1903071f|0xa2b0d3bc6875ffb3614|0x548ca37fe6bbf924
280224|0x19026666|0xcc3a4aee0b2b0ac4ae3|0x6aaabc71ca12f703
280225|0x19026666|0xcc40f599d247abf41e6|0x6aaabc71ca12f703
280226|0x19026666|0xcc47a04599644d238e9|0x6aaabc71ca12f703
280227|0x19026666|0xcc4e4af16080ee52fec|0x6aaabc71ca12f703
280228|0x19026666|0xcc54f59d279d8f826ef|0x6aaabc71ca12f703
282240|0x1901f52c|0x100bbd541d5a61923e1d|0x82c3f902259fb29d
282241|0x1901f52c|0x100c4018165c8731f0ba|0x82c3f902259fb29d
282242|0x1901f52c|0x100cc2dc0f5eacd1a357|0x82c3f902259fb29d
282243|0x1901f52c|0x100d45a00860d27155f4|0x82c3f902259fb29d
282244|0x1901f52c|0x100dc8640162f8110891|0x82c3f902259fb29d
284256|0x1901a36e|0x14119e1926a5a780e227|0x9c40116521efc247
284257|0x1901a36e|0x14123a59380ac970a46e|0x9c40116521efc247
284258|0x1901a36e|0x1412d699496feb6066b5|0x9c40116521efc247
284259|0x1901a36e|0x141372d95ad50d5028fc|0x9c40116521efc247
284260|0x1901a36e|0x14140f196c3a2f3feb43|0x9c40116521efc247
286272|0x19015f53|0x18e034ec4b6c85206dc6|0xba8a39c0bf755ec6
286273|0x19015f53|0x18e0ef76852d4495cc8c|0xba8a39c0bf755ec6
286274|0x19015f53|0x18e1aa00beee040b2b52|0xba8a39c0bf755ec6
286275|0x19015f53|0x18e2648af8aec3808a18|0xba8a39c0bf755ec6
286276|0x19015f53|0x18e31f15326f82f5e8de|0xba8a39c0bf755ec6
288288|0x19012026|0x1e9d5e59161689080592|0xe370368707129f52
288289|0x19012026|0x1e9e41c94c9d901aa4e4|0xe370368707129f52
288290|0x19012026|0x1e9f25398324972d4436|0xe370368707129f52
288291|0x19012026|0x1ea008a9b9ab9e3fe388|0xe370368707129f52
288292|0x19012026|0x1ea0ec19f032a55282da|0xe370368707129f52
290304|0x190102b1|0x259c8bec71fd3e4bf981|0xfd562b1609afed81
290305|0x190102b1|0x259d89429d1347fbe702|0xfd562b1609afed81
290306|0x190102b1|0x259e8698c82951abd483|0xfd562b1609afed81
290307|0x190102b1|0x259f83eef33f5b5bc204|0xfd562b1609afed81
290308|0x190102b1|0x25a081451e55650baf85|0xfd562b1609afed81
292320|0x1900db99|0x2d67bf9960107e3c84a7|0x12a6fcb9d003220c7
292321|0x1900db99|0x2d68ea092bad7e6ea56e|0x12a6fcb9d003220c7
292322|0x1900db99|0x2d6a1478f74a7ea0c635|0x12a6fcb9d003220c7
292323|0x1900db99|0x2d6b3ee8c2e77ed2e6fc|0x12a6fcb9d003220c7
292324|0x1900db99|0x2d6c69588e847f0507c3|0x12a6fcb9d003220c7
294336|0x1900b3aa|0x3696325211a33268ed05|0x16cc508ce299c6a05
294337|0x1900b3aa|0x36979f171a715c05570a|0x16cc508ce299c6a05
294338|0x1900b3aa|0x36990bdc233f85a1c10f|0x16cc508ce299c6a05
294339|0x1900b3aa|0x369a78a12c0daf3e2b14|0x16cc508ce299c6a05
294340|0x1900b3aa|0x369be56634dbd8da9519|0x16cc508ce299c6a05
296352|0x19009d8c|0x41cef52cb070a049bf53|0x19ffa5013e7ba54f3
296353|0x19009d8c|0x41d09527008488041446|0x19ffa5013e7ba54f3
296354|0x19009d8c|0x41d2352150986fbe6939|0x19ffa5013e7ba54f3
296355|0x19009d8c|0x41d3d51ba0ac5778be2c|0x19ffa5013e7ba54f3
296356|0x19009d8c|0x41d57515f0c03f33131f|0x19ffa5013e7ba54f3
298368|0x1900896c|0x4e9b054e78cb07736b89|0x1dce57bad73870789
298369|0x1900896c|0x4e9ce233f4787afa7312|0x1dce57bad73870789
298370|0x1900896c|0x4e9ebf197025ee817a9b|0x1dce57bad73870789
298371|0x1900896c|0x4ea09bfeebd362088224|0x1dce57bad73870789
298372|0x1900896c|0x4ea278e46780d58f89ad|0x1dce57bad73870789
300384|0x187c3053|0x5d46c74d6c36f52ad8db|0x20fb6792b99e31dfb
300385|0x187c3053|0x5d48d703e5628f0df6d6|0x20fb6792b99e31dfb
300386|0x187c3053|0x5d4ae6ba5e8e28f114d1|0x20fb6792b99e31dfb
300387|0x187c3053|0x5d4cf670d7b9c2d432cc|0x20fb6792b99e31dfb
300388|0x187c3053|0x5d4f062750e55cb750c7|0x20fb6792b99e31dfb
302400|0x18692842|0x6d82e3c93a69c3f49d40|0x26f3810028c20c9c0
302401|0x18692842|0x6d8553014a6c50156700|0x26f3810028c20c9c0
302402|0x18692842|0x6d87c2395a6edc3630c0|0x26f3810028c20c9c0
302403|0x18692842|0x6d8a31716a716856fa80|0x26f3810028c20c9c0
302404|0x18692842|0x6d8ca0a97a73f477c440|0x26f3810028c20c9c0
304416|0x185d859a|0x80af0ad0ba251d20515f|0x2bcc17bae6317b5df
304417|0x185d859a|0x80b1c79235d38038073e|0x2bcc17bae6317b5df
304418|0x185d859a|0x80b48453b181e34fbd1d|0x2bcc17bae6317b5df
304419|0x185d859a|0x80b741152d30466772fc|0x2bcc17bae6317b5df
304420|0x185d859a|0x80b9fdd6a8dea97f28db|0x2bcc17bae6317b5df
306432|0x1851aba2|0x963de42f09c76941d59b|0x32271ce045480fdfb
306433|0x1851aba2|0x964106a0d7cbbdc2d396|0x32271ce045480fdfb
306434|0x1851aba2|0x96442912a5d01243d191|0x32271ce045480fdfb
306435|0x1851aba2|0x96474b8473d466c4cf8c|0x32271ce045480fdfb
306436|0x1851aba2|0x964a6df641d8bb45cd87|0x32271ce045480fdfb
308448|0x18415fd1|0xaeedec6ce310fb03f8ae|0x3ea7945346e73086e
308449|0x18415fd1|0xaef1d6e628456977011c|0x3ea7945346e73086e
308450|0x18415fd1|0xaef5c15f6d79d7ea098a|0x3ea7945346e73086e
308451|0x18415fd1|0xaef9abd8b2ae465d11f8|0x3ea7945346e73086e
308452|0x18415fd1|0xaefd9651f7e2b4d01a66|0x3ea7945346e73086e
310464|0x183f6be6|0xcdc4864bd84c15fe3986|0x409573d89bf8ae706
310465|0x183f6be6|0xcdc88fa315d5d589208c|0x409573d89bf8ae706
310466|0x183f6be6|0xcdcc98fa535f95140792|0x409573d89bf8ae706
310467|0x183f6be6|0xcdd0a25190e9549eee98|0x409573d89bf8ae706
310468|0x183f6be6|0xcdd4aba8ce731429d59e|0x409573d89bf8ae706
312480|0x183aaea2|0xed8e68c4fd28d15c69bd|0x45ccbc5a2150dc7fd
312481|0x183aaea2|0xed92c590c2cae66a31ba|0x45ccbc5a2150dc7fd
312482|0x183aaea2|0xed97225c886cfb77f9b7|0x45ccbc5a2150dc7fd
312483|0x183aaea2|0xed9b7f284e0f1085c1b4|0x45ccbc5a2150dc7fd
312484|0x183aaea2|0xed9fdbf413b1259389b1|0x45ccbc5a2150dc7fd
314496|0x1837ba62|0x10fe968acad6036082c9b|0x497ff1973ad32a27b
314497|0x1837ba62|0x10fee00abc6d3e33acf16|0x497ff1973ad32a27b
314498|0x1837ba62|0x10ff298aae047906d7191|0x497ff1973ad32a27b
314499|0x1837ba62|0x10ff730a9f9bb3da0140c|0x497ff1973ad32a27b
314500|0x1837ba62|0x10ffbc8a9132eead2b687|0x497ff1973ad32a27b
316512|0x182e1c58|0x1341756dc5a7d9cd7553a|0x58d46579d2542427a
316513|0x182e1c58|0x1341ce422b21ac21997b4|0x58d46579d2542427a
316514|0x182e1c58|0x13422716909b7e75bda2e|0x58d46579d2542427a
316515|0x182e1c58|0x13427feaf61550c9e1ca8|0x58d46579d2542427a
316516|0x182e1c58|0x1342d8bf5b8f231e05f22|0x58d46579d2542427a
318528|0x182815ee|0x15fd0b66e0cc237c10553|0x662e6145c566071d3
318529|0x182815ee|0x15fd71954211e8e217726|0x662e6145c566071d3
318530|0x182815ee|0x15fdd7c3a357ae481e8f9|0x662e6145c566071d3
318531|0x182815ee|0x15fe3df2049d73ae25acc|0x662e6145c566071d3
318532|0x182815ee|0x15fea42065e339142cc9f|0x662e6145c566071d3
320544|0x1824dbe9|0x1921c196cdc96b0423840|0x6f2048d0897614720
320545|0x1824dbe9|0x192230b71699f47a37f60|0x6f2048d0897614720
320546|0x1824dbe9|0x19229fd75f6a7df04c680|0x6f2048d0897614720
320547|0x1824dbe9|0x19230ef7a83b076660da0|0x6f2048d0897614720
320548|0x1824dbe9|0x19237e17f10b90dc754c0|0x6f2048d0897614720
322560|0x181fb893|0x1c8cf1d42683da610ee60|0x8120375076f1fe140
322561|0x181fb893|0x1c8d72f45dd451530cfa0|0x8120375076f1fe140
322562|0x181fb893|0x1c8df4149524c8450b0e0|0x8120375076f1fe140
322563|0x181fb893|0x1c8e7534cc753f3709220|0x8120375076f1fe140
322564|0x181fb893|0x1c8ef65503c5b62907360|0x8120375076f1fe140
324576|0x181f6973|0x2085d0cd0318317dc3250|0x82657a3c1c5dd4d30
324577|0x181f6973|0x208653327d544ddb97f80|0x82657a3c1c5dd4d30
324578|0x181f6973|0x2086d597f7906a396ccb0|0x82657a3c1c5dd4d30
324579|0x181f6973|0x208757fd71cc8697419e0|0x82657a3c1c5dd4d30
324580|0x181f6973|0x2087da62ec08a2f516710|0x82657a3c1c5dd4d30
326592|0x181e8dc0|0x2488b3993cff2407d49bf|0x860f1ac3abfbe8a9f
326593|0x181e8dc0|0x248939a857c2d003bd45e|0x860f1ac3abfbe8a9f
326594|0x181e8dc0|0x2489bfb772867bffa5efd|0x860f1ac3abfbe8a9f
326595|0x181e8dc0|0x248a45c68d4a27fb8e99c|0x860f1ac3abfbe8a9f
326596|0x181e8dc0|0x248acbd5a80dd3f77743b|0x860f1ac3abfbe8a9f
328608|0x181bc330|0x28a878067a8431e4539fc|0x9389935e5a102d6bc
328609|0x181bc330|0x28a90b900de28bf4810b8|0x9389935e5a102d6bc
328610|0x181bc330|0x28a99f19a140e604ae774|0x9389935e5a102d6bc
328611|0x181bc330|0x28aa32a3349f4014dbe30|0x9389935e5a102d6bc
328612|0x181bc330|0x28aac62cc7fd9a25094ec|0x9389935e5a102d6bc
330624|0x181b4861|0x2d3256071ee4463637975|0x9621b0b92efc60db5
330625|0x181b4861|0x2d32ec28cf9d75329872a|0x9621b0b92efc60db5
330626|0x181b4861|0x2d33824a8056a42ef94df|0x9621b0b92efc60db5
330627|0x181b4861|0x2d34186c310fd32b5a294|0x9621b0b92efc60db5
330628|0x181b4861|0x2d34ae8de1c90227bb049|0x9621b0b92efc60db5
332640|0x181b7b74|0x31d09e3fce53bce24f203|0x950aadd6a22db94e3
332641|0x181b7b74|0x31d1334a7c2a5f10086e6|0x950aadd6a22db94e3
332642|0x181b7b74|0x31d1c8552a01013dc1bc9|0x950aadd6a22db94e3
332643|0x181b7b74|0x31d25d5fd7d7a36b7b0ac|0x950aadd6a22db94e3
332644|0x181b7b74|0x31d2f26a85ae45993458f|0x950aadd6a22db94e3
334656|0x181bdd7c|0x3666504c72414c872aa65|0x92fe578709bf4d1a5
334657|0x181bdd7c|0x3666e34ac9c8564677c0a|0x92fe578709bf4d1a5
334658|0x181bdd7c|0x36677649214f6005c4daf|0x92fe578709bf4d1a5
334659|0x181bdd7c|0x3668094778d669c511f54|0x92fe578709bf4d1a5
334660|0x181bdd7c|0x36689c45d05d73845f0f9|0x92fe578709bf4d1a5
336672|0x181b0dca|0x3aebe7a635b6620fbd146|0x9766d38f5cc8b0526
336673|0x181b0dca|0x3aec7f0d0945bed86d66c|0x9766d38f5cc8b0526
336674|0x181b0dca|0x3aed1673dcd51ba11db92|0x9766d38f5cc8b0526
336675|0x181b0dca|0x3aedaddab0647869ce0b8|0x9766d38f5cc8b0526
336676|0x181b0dca|0x3aee454183f3d5327e5de|0x9766d38f5cc8b0526
338688|0x1819012f|0x3f943dd0b3ff7c0049450|0xa3cf48ddca4cb3cf0
338689|0x1819012f|0x3f94e19ffcdd464cfd140|0xa3cf48ddca4cb3cf0
338690|0x1819012f|0x3f95856f45bb1099b0e30|0xa3cf48ddca4cb3cf0
338691|0x1819012f|0x3f96293e8e98dae664b20|0xa3cf48ddca4cb3cf0
338692|0x1819012f|0x3f96cd0dd776a53318810|0xa3cf48ddca4cb3cf0
340704|0x181aa3c0|0x449e3420b8b6b3de77d60|0x99c17afbe622e4400
340705|0x181aa3c0|0x449ecde233b29a015c160|0x99c17afbe622e4400
340706|0x181aa3c0|0x449f67a3aeae802440560|0x99c17afbe622e4400
340707|0x181aa3c0|0x44a0016529aa664724960|0x99c17afbe622e4400
340708|0x181aa3c0|0x44a09b26a4a64c6a08d60|0x99c17afbe622e4400
342720|0x1818bb87|0x495913a4601568a789d09|0xa59ca2a648267e3a9
342721|0x1818bb87|0x4959b94102bbb0ce080b2|0xa59ca2a648267e3a9
342722|0x1818bb87|0x495a5edda561f8f48645b|0xa59ca2a648267e3a9
342723|0x1818bb87|0x495b047a4808411b04804|0xa59ca2a648267e3a9
342724|0x1818bb87|0x495baa16eaae894182bad|0xa59ca2a648267e3a9
344736|0x18178d3a|0x4e714d72f9a17c2108b14|0xadea5eba2c7defed4
344737|0x18178d3a|0x4e71fb5d585ba89ef89e8|0xadea5eba2c7defed4
344738|0x18178d3a|0x4e72a947b715d51ce88bc|0xadea5eba2c7defed4
344739|0x18178d3a|0x4e73573215d0019ad8790|0xadea5eba2c7defed4
344740|0x18178d3a|0x4e74051c748a2e18c8664|0xadea5eba2c7defed4
346752|0x18172ec0|0x53cae5e1b69d3b5b812c5|0xb0af21978bf6fc105
346753|0x18172ec0|0x53cb9690d834c7527d3ca|0xb0af21978bf6fc105
346754|0x18172ec0|0x53cc473ff9cc5349794cf|0xb0af21978bf6fc105
346755|0x18172ec0|0x53ccf7ef1b63df40755d4|0xb0af21978bf6fc105
346756|0x18172ec0|0x53cda89e3cfb6b37716d9|0xb0af21978bf6fc105
348768|0x181788f2|0x593a46652042b581d43de|0xae0a01cecd1c4eabe
348769|0x181788f2|0x593af46f2211829e22e9c|0xae0a01cecd1c4eabe
348770|0x181788f2|0x593ba27923e04fba7195a|0xae0a01cecd1c4eabe
348771|0x181788f2|0x593c508325af1cd6c0418|0xae0a01cecd1c4eabe
348772|0x181788f2|0x593cfe8d277de9f30eed6|0xae0a01cecd1c4eabe
350784|0x18163c71|0x5e94df5dd3f1a41c7a962|0xb83478ee7ccb6b802
350785|0x18163c71|0x5e9597924ce020e7e6164|0xb83478ee7ccb6b802
350786|0x18163c71|0x5e964fc6c5ce9db351966|0xb83478ee7ccb6b802
350787|0x18163c71|0x5e9707fb3ebd1a7ebd168|0xb83478ee7ccb6b802
350788|0x18163c71|0x5e97c02fb7ab974a2896a|0xb83478ee7ccb6b802
352800|0x181717f0|0x643f75bf5b71ab21aa61b|0xb15daa57c1e20a4fb
352801|0x181717f0|0x6440271d05c96d03b4b16|0xb15daa57c1e20a4fb
352802|0x181717f0|0x6440d87ab0212ee5bf011|0xb15daa57c1e20a4fb
352803|0x181717f0|0x644189d85a78f0c7c950c|0xb15daa57c1e20a4fb
352804|0x181717f0|0x64423b3604d0b2a9d3a07|0xb15daa57c1e20a4fb
354816|0x181713dd|0x69b4377c1ea5d4a0d2e9d|0xb17cfa75174fff4dd
354817|0x181713dd|0x69b4e8f9191aebf0d237a|0xb17cfa75174fff4dd
354818|0x181713dd|0x69b59a7613900340d1857|0xb17cfa75174fff4dd
354819|0x181713dd|0x69b64bf30e051a90d0d34|0xb17cfa75174fff4dd
354820|0x181713dd|0x69b6fd70087a31e0d0211|0xb17cfa75174fff4dd
356832|0x181686f5|0x6f29f406a68c46763f12c|0xb5d32843f32ae6b0c
356833|0x181686f5|0x6f2aa9d9ced039a125c38|0xb5d32843f32ae6b0c
356834|0x181686f5|0x6f2b5facf7142ccc0c744|0xb5d32843f32ae6b0c
356835|0x181686f5|0x6f2c15801f581ff6f3250|0xb5d32843f32ae6b0c
356836|0x181686f5|0x6f2ccb53479c1321d9d5c|0xb5d32843f32ae6b0c
358848|0x18171a8b|0x74c1ce5a3f3408f4d5e2f|0xb149a9d0c3d0cd98f
358849|0x18171a8b|0x74c27fa3e904ccc5a37be|0xb149a9d0c3d0cd98f
358850|0x18171a8b|0x74c330ed92d590967114d|0xb149a9d0c3d0cd98f
358851|0x18171a8b|0x74c3e2373ca654673eadc|0xb149a9d0c3d0cd98f
358852|0x18171a8b|0x74c49380e67718380c46b|0xb149a9d0c3d0cd98f
360864|0x18162043|0x7a35fa48f4cb9326840b1|0xb91f136241af675f1
360865|0x18162043|0x7a36b368082dd4d5eb6a2|0xb91f136241af675f1
360866|0x18162043|0x7a376c871b90168552c93|0xb91f136241af675f1
360867|0x18162043|0x7a3825a62ef25834ba284|0xb91f136241af675f1
360868|0x18162043|0x7a38dec5425499e421875|0xb91f136241af675f1
362880|0x1816418e|0x7fe7cdecae05f1402ff94|0xb80a26d75a7b06af4
362881|0x1816418e|0x7fe885f6d4dd4bbb36a88|0xb80a26d75a7b06af4
362882|0x1816418e|0x7fe93e00fbb4a6363d57c|0xb80a26d75a7b06af4
362883|0x1816418e|0x7fe9f60b228c00b144070|0xb80a26d75a7b06af4
362884|0x1816418e|0x7feaae1549635b2c4ab64|0xb80a26d75a7b06af4
364896|0x181586c8|0x8591241b5d5c0d94b1f86|0xbe46f644edfae4966
364897|0x181586c8|0x8591e26253a0fb8f968ec|0xbe46f644edfae4966
364898|0x181586c8|0x8592a0a949e5e98a7b252|0xbe46f644edfae4966
364899|0x181586c8|0x85935ef0402ad7855fbb8|0xbe46f644edfae4966
364900|0x181586c8|0x85941d37366fc5804451e|0xbe46f644edfae4966
366912|0x18150815|0x8b6b976902af4d9f8f1ad|0xc2c13cc6163da184d
366913|0x18150815|0x8b6c5a2a3f7563dd309fa|0xc2c13cc6163da184d
366914|0x18150815|0x8b6d1ceb7c3b7a1ad2247|0xc2c13cc6163da184d
366915|0x18150815|0x8b6ddfacb901905873a94|0xc2c13cc6163da184d
366916|0x18150815|0x8b6ea26df5c7a696152e1|0xc2c13cc6163da184d
368928|0x1814dd04|0x91694ab99ea233110efd0|0xc45340c9d6572b810
368929|0x1814dd04|0x916a0f0cdf6c09683a7e0|0xc45340c9d6572b810
368930|0x1814dd04|0x916ad3602035dfbf65ff0|0xc45340c9d6572b810
368931|0x1814dd04|0x916b97b360ffb61691800|0xc45340c9d6572b810
368932|0x1814dd04|0x916c5c06a1c98c6dbd010|0xc45340c9d6572b810
370944|0x181443c4|0x977360248513bb312f607|0xca1ff1c37000b4047
370945|0x181443c4|0x97742a4476d72b31e364e|0xca1ff1c37000b4047
370946|0x181443c4|0x9774f464689a9b3297695|0xca1ff1c37000b4047
370947|0x181443c4|0x9775be845a5e0b334b6dc|0xca1ff1c37000b4047
370948|0x181443c4|0x977688a44c217b33ff723|0xca1ff1c37000b4047
372960|0x18134dc1|0x9dab25c45676a0f76fffd|0xd42fe014503d51b1d
372961|0x18134dc1|0x9dabf9f4368af134c1b1a|0xd42fe014503d51b1d
372962|0x18134dc1|0x9dacce24169f417213637|0xd42fe014503d51b1d
372963|0x18134dc1|0x9dada253f6b391af65154|0xd42fe014503d51b1d
372964|0x18134dc1|0x9dae7683d6c7e1ecb6c71|0xd42fe014503d51b1d
374976|0x181287ba|0xa43227a48d21c842843ce|0xdd0b76c794a50da8e
374977|0x181287ba|0xa43304b003e95ce791e5c|0xdd0b76c794a50da8e
374978|0x181287ba|0xa433e1bb7ab0f18c9f8ea|0xdd0b76c794a50da8e
374979|0x181287ba|0xa434bec6f1788631ad378|0xdd0b76c794a50da8e
374980|0x181287ba|0xa4359bd268401ad6bae06|0xdd0b76c794a50da8e
376992|0x18121472|0xaafee76d5f20238810556|0xe28ce5135c1f07dd6
376993|0x18121472|0xaaffc9fa44337fa71832c|0xe28ce5135c1f07dd6
376994|0x18121472|0xab00ac872946dbc620102|0xe28ce5135c1f07dd6
376995|0x18121472|0xab018f140e5a37e527ed8|0xe28ce5135c1f07dd6
376996|0x18121472|0xab0271a0f36d94042fcae|0xe28ce5135c1f07dd6
379008|0x18120f14|0xb1f6fd3cac86f75e45b84|0xe2d03a04bb974dec4
379009|0x18120f14|0xb1f7e00ce68bb2f593a48|0xe2d03a04bb974dec4
379010|0x18120f14|0xb1f8c2dd20906e8ce190c|0xe2d03a04bb974dec4
379011|0x18120f14|0xb1f9a5ad5a952a242f7d0|0xe2d03a04bb974dec4
379012|0x18120f14|0xb1fa887d9499e5bb7d694|0xe2d03a04bb974dec4
381024|0x1811a954|0xb8f12a2045e18d92f94b8|0xe7eaee1a0a465d078
381025|0x1811a954|0xb8f2120b33fb97d956530|0xe7eaee1a0a465d078
381026|0x1811a954|0xb8f2f9f62215a21fb35a8|0xe7eaee1a0a465d078
381027|0x1811a954|0xb8f3e1e1102fac6610620|0xe7eaee1a0a465d078
381028|0x1811a954|0xb8f4c9cbfe49b6ac6d698|0xe7eaee1a0a465d078
383040|0x1810b289|0xc01391972453e8229deb2|0xf54ebf7b7ab966972
383041|0x1810b289|0xc01486e5e3cf62dc04824|0xf54ebf7b7ab966972
383042|0x1810b289|0xc0157c34a34add956b196|0xf54ebf7b7ab966972
383043|0x1810b289|0xc016718362c6584ed1b08|0xf54ebf7b7ab966972
383044|0x1810b289|0xc01766d22241d3083847a|0xf54ebf7b7ab966972
385056|0x180f1e76|0xc79f77573947f23b6b25a|0x10eeae80910ca4db5a
385057|0x180f1e76|0xc7a0864221510305b8db4|0x10eeae80910ca4db5a
385058|0x180f1e76|0xc7a1952d095a13d00690e|0x10eeae80910ca4db5a
385059|0x180f1e76|0xc7a2a417f163249a54468|0x10eeae80910ca4db5a
385060|0x180f1e76|0xc7a3b302d96c3564a1fc2|0x10eeae80910ca4db5a
387072|0x180de64f|0xcff508fea8086d980dfbf|0x126af0f655302fa3ff
387073|0x180de64f|0xcff62fadb76dc09b083be|0x126af0f655302fa3ff
387074|0x180de64f|0xcff7565cc6d3139e027bd|0x126af0f655302fa3ff
387075|0x180de64f|0xcff87d0bd63866a0fcbbc|0x126af0f655302fa3ff
387076|0x180de64f|0xcff9a3bae59db9a3f6fbb|0x126af0f655302fa3ff
389088|0x180bc409|0xd905e109cb968c3bd9320|0x15c20f505ba340df40
389089|0x180bc409|0xd9073d2ac09c466fe7260|0x15c20f505ba340df40
389090|0x180bc409|0xd908994bb5a200a3f51a0|0x15c20f505ba340df40
389091|0x180bc409|0xd909f56caaa7bad8030e0|0x15c20f505ba340df40
389092|0x180bc409|0xd90b518d9fad750c11020|0x15c20f505ba340df40
391104|0x180a9591|0xe3bb8b6fe9fda99379ad2|0x182fd86527d9dccef2
391105|0x180a9591|0xe3bd0e6d70502731469c4|0x182fd86527d9dccef2
391106|0x180a9591|0xe3be916af6a2a4cf138b6|0x182fd86527d9dccef2
391107|0x180a9591|0xe3c014687cf5226ce07a8|0x182fd86527d9dccef2
391108|0x180a9591|0xe3c197660347a00aad69a|0x182fd86527d9dccef2
393120|0x1809b31b|0xefa33b3ce92aba0f99f4d|0x1a648bbe2536c121ad
393121|0x1809b31b|0xefa4e185a50d0d7bac0fa|0x1a648bbe2536c121ad
393122|0x1809b31b|0xefa687ce60ef60e7be2a7|0x1a648bbe2536c121ad
393123|0x1809b31b|0xefa82e171cd1b453d0454|0x1a648bbe2536c121ad
393124|0x1809b31b|0xefa9d45fd8b407bfe2601|0x1a648bbe2536c121ad
395136|0x180928f0|0xfca0d0e639928375e93ec|0x1bf2a75f929c3ce3ec
395137|0x180928f0|0xfca29010af8bad39b77d8|0x1bf2a75f929c3ce3ec
395138|0x180928f0|0xfca44f3b2584d6fd85bc4|0x1bf2a75f929c3ce3ec
395139|0x180928f0|0xfca60e659b7e00c153fb0|0x1bf2a75f929c3ce3ec
395140|0x180928f0|0xfca7cd9011772a852239c|0x1bf2a75f929c3ce3ec
397152|0x1807a114|0x10a6298ff0e4af5c717f7d|0x218e24088b61ccecfd
397153|0x1807a114|0x10a64b1e14ed3abe3e6c7a|0x218e24088b61ccecfd
397154|0x1807a114|0x10a66cac38f5c6200b5977|0x218e24088b61ccecfd
397155|0x1807a114|0x10a68e3a5cfe5181d84674|0x218e24088b61ccecfd
397156|0x1807a114|0x10a6afc88106dce3a53371|0x218e24088b61ccecfd
399168|0x1806b99f|0x11ae6d6e92e3c5dc00b35e|0x261102bdffb391d87e
399169|0x1806b99f|0x11ae937f95a1c58f928bdc|0x261102bdffb391d87e
399170|0x1806b99f|0x11aeb990985fc54324645a|0x261102bdffb391d87e
399171|0x1806b99f|0x11aedfa19b1dc4f6b63cd8|0x261102bdffb391d87e
399172|0x1806b99f|0x11af05b29ddbc4aa481556|0x261102bdffb391d87e
401184|0x1806f0a8|0x12da32364c8f47d519604d|0x24e3242bdb9021a52d
401185|0x1806f0a8|0x12da571970bb23653b057a|0x24e3242bdb9021a52d
401186|0x1806f0a8|0x12da7bfc94e6fef55caaa7|0x24e3242bdb9021a52d
401187|0x1806f0a8|0x12daa0dfb912da857e4fd4|0x24e3242bdb9021a52d
401188|0x1806f0a8|0x12dac5c2dd3eb6159ff501|0x24e3242bdb9021a52d
403200|0x1806a4c3|0x13fcb0988999315c945f19|0x268887d4b60ea7e199
403201|0x1806a4c3|0x13fcd721116de76b3c40b2|0x268887d4b60ea7e199
403202|0x1806a4c3|0x13fcfda999429d79e4224b|0x268887d4b60ea7e199
403203|0x1806a4c3|0x13fd2432211753888c03e4|0x268887d4b60ea7e199
403204|0x1806a4c3|0x13fd4abaa8ec099733e57d|0x268887d4b60ea7e199
405216|0x180696f4|0x152c2416f3c33863fd14cd|0x26d946e509ac00026d
405217|0x180696f4|0x152c4af03aa8420ffd173a|0x26d946e509ac00026d
405218|0x180696f4|0x152c71c9818d4bbbfd19a7|0x26d946e509ac00026d
405219|0x180696f4|0x152c98a2c8725567fd1c14|0x26d946e509ac00026d
405220|0x180696f4|0x152cbf7c0f575f13fd1e81|0x26d946e509ac00026d
407232|0x1806274b|0x165e15e630bfe91dde627b|0x299a38358fe5ce35bb
407233|0x1806274b|0x165e3f8068f57903ac9836|0x299a38358fe5ce35bb
407234|0x1806274b|0x165e691aa12b08e97acdf1|0x299a38358fe5ce35bb
407235|0x1806274b|0x165e92b4d96098cf4903ac|0x299a38358fe5ce35bb
407236|0x1806274b|0x165ebc4f119628b5173967|0x299a38358fe5ce35bb
409248|0x18062776|0x17a5b45fb3de4cfdb594f0|0x29991586c20dbe4790
409249|0x18062776|0x17a5ddf8c9650f0b73dc80|0x29991586c20dbe4790
409250|0x18062776|0x17a60791deebd119322410|0x29991586c20dbe4790
409251|0x18062776|0x17a6312af4729326f06ba0|0x29991586c20dbe4790
409252|0x18062776|0x17a65ac409f95534aeb330|0x29991586c20dbe4790
411264|0x1805a8fa|0x18ed4d8ace1e1d2a7c864a|0x2d3aaa8e660011aaea
411265|0x1805a8fa|0x18ed7ac578ac832a8e3134|0x2d3aaa8e660011aaea
411266|0x1805a8fa|0x18eda800233ae92a9fdc1e|0x2d3aaa8e660011aaea
411267|0x1805a8fa|0x18edd53acdc94f2ab18708|0x2d3aaa8e660011aaea
411268|0x1805a8fa|0x18ee02757857b52ac331f2|0x2d3aaa8e660011aaea
413280|0x18058436|0x1a517cb76026de27a91363|0x2e681b33e6721c4543
413281|0x18058436|0x1a51ab1f7b5ac499c558a6|0x2e681b33e6721c4543
413282|0x18058436|0x1a51d987968eab0be19de9|0x2e681b33e6721c4543
413283|0x18058436|0x1a5207efb1c2917dfde32c|0x2e681b33e6721c4543
413284|0x18058436|0x1a523657ccf677f01a286f|0x2e681b33e6721c4543
415296|0x18059ba0|0x1bbeefcbd739578a306cf5|0x2da6598f9d36022f35
415297|0x18059ba0|0x1bbf1d7230c8f4c0329c2a|0x2da6598f9d36022f35
415298|0x18059ba0|0x1bbf4b188a5891f634cb5f|0x2da6598f9d36022f35
415299|0x18059ba0|0x1bbf78bee3e82f2c36fa94|0x2da6598f9d36022f35
415300|0x18059ba0|0x1bbfa6653d77cc623929c9|0x2da6598f9d36022f35
417312|0x18053fd6|0x1d2670eb5af5195c407920|0x30c4925555b6de7a00
417313|0x18053fd6|0x1d26a1afed4a6f131ef320|0x30c4925555b6de7a00
417314|0x18053fd6|0x1d26d2747f9fc4c9fd6d20|0x30c4925555b6de7a00
417315|0x18053fd6|0x1d27033911f51a80dbe720|0x30c4925555b6de7a00
417316|0x18053fd6|0x1d2733fda44a7037ba6120|0x30c4925555b6de7a00
419328|0x180526fd|0x1ea67dd6eb8299f0242c0f|0x31afc2dfd632c16cef
419329|0x180526fd|0x1ea6af86ae627022e598fe|0x31afc2dfd632c16cef
419330|0x180526fd|0x1ea6e13671424655a705ed|0x31afc2dfd632c16cef
419331|0x180526fd|0x1ea712e634221c886872dc|0x31afc2dfd632c16cef
419332|0x180526fd|0x1ea74495f701f2bb29dfcb|0x31afc2dfd632c16cef
421344|0x18052669|0x202dc5fb22195db3d3116a|0x31b556bfca4336782a
421345|0x18052669|0x202df7b078d927f7098994|0x31b556bfca4336782a
421346|0x18052669|0x202e2965cf98f23a4001be|0x31b556bfca4336782a
421347|0x18052669|0x202e5b1b2658bc7d7679e8|0x31b556bfca4336782a
421348|0x18052669|0x202e8cd07d1886c0acf212|0x31b556bfca4336782a
423360|0x18057228|0x21b53752e69f3eb981c8d4|0x2f01f4ecd9fbf2e4d4
423361|0x18057228|0x21b56654db8c18b574ada8|0x2f01f4ecd9fbf2e4d4
423362|0x18057228|0x21b59556d078f2b167927c|0x2f01f4ecd9fbf2e4d4
423363|0x18057228|0x21b5c458c565ccad5a7750|0x2f01f4ecd9fbf2e4d4
423364|0x18057228|0x21b5f35aba52a6a94d5c24|0x2f01f4ecd9fbf2e4d4
425376|0x18050edc|0x23276a56842753537d0239|0x329cc9404e7d2418b9
425377|0x18050edc|0x23279cf34d67a1d0a11af2|0x329cc9404e7d2418b9
425378|0x18050edc|0x2327cf9016a7f04dc533ab|0x329cc9404e7d2418b9
425379|0x18050edc|0x2328022cdfe83ecae94c64|0x329cc9404e7d2418b9
425380|0x18050edc|0x232834c9a9288d480d651d|0x329cc9404e7d2418b9
427392|0x1804fb08|0x24b5fdd0dc8e4fef1bed18|0x3366473d319c8052b8
427393|0x1804fb08|0x24b6313723cb818b9c3fd0|0x3366473d319c8052b8
427394|0x1804fb08|0x24b6649d6b08b3281c9288|0x3366473d319c8052b8
427395|0x1804fb08|0x24b69803b245e4c49ce540|0x3366473d319c8052b8
427396|0x1804fb08|0x24b6cb69f98316611d37f8|0x3366473d319c8052b8
429408|0x1804de5e|0x264ac4707bf5a6f8a4911e|0x3494e4bdd8337d8dbe
429409|0x1804de5e|0x264af90560b37f2c221edc|0x3494e4bdd8337d8dbe
429410|0x1804de5e|0x264b2d9a4571575f9fac9a|0x3494e4bdd8337d8dbe
429411|0x1804de5e|0x264b622f2a2f2f931d3a58|0x3494e4bdd8337d8dbe
429412|0x1804de5e|0x264b96c40eed07c69ac816|0x3494e4bdd8337d8dbe
431424|0x18048ed4|0x27e8dc8f695fc560f85dfc|0x382a7b21611f15225c
431425|0x18048ed4|0x27e914b9e48126800d8058|0x382a7b21611f15225c
431426|0x18048ed4|0x27e94ce45fa2879f22a2b4|0x382a7b21611f15225c
431427|0x18048ed4|0x27e9850edac3e8be37c510|0x382a7b21611f15225c
431428|0x18048ed4|0x27e9bd3955e549dd4ce76c|0x382a7b21611f15225c
433440|0x180440c4|0x29a32f1ff96291d39e216f|0x3c31644758cb4c514f
433441|0x180440c4|0x29a36b515da9ea9eea72be|0x3c31644758cb4c514f
433442|0x180440c4|0x29a3a782c1f1436a36c40d|0x3c31644758cb4c514f
433443|0x180440c4|0x29a3e3b426389c3583155c|0x3c31644758cb4c514f
433444|0x180440c4|0x29a41fe58a7ff500cf66ab|0x3c31644758cb4c514f
435456|0x180455d2|0x2b7d32f1555779dfa4ac0c|0x3b0d0e60ffde528dcc
435457|0x180455d2|0x2b7d6dfe63b879bdf739d8|0x3b0d0e60ffde528dcc
435458|0x180455d2|0x2b7da90b7219799c49c7a4|0x3b0d0e60ffde528dcc
435459|0x180455d2|0x2b7de418807a797a9c5570|0x3b0d0e60ffde528dcc
435460|0x180455d2|0x2b7e1f258edb7958eee33c|0x3b0d0e60ffde528dcc
437472|0x18045174|0x2d4e39fe49d8dfde95c3ab|0x3b48c7036f1326feeb
437473|0x18045174|0x2d4e754710dc4ef1bcc296|0x3b48c7036f1326feeb
437474|0x18045174|0x2d4eb08fd7dfbe04e3c181|0x3b48c7036f1326feeb
437475|0x18045174|0x2d4eebd89ee32d180ac06c|0x3b48c7036f1326feeb
437476|0x18045174|0x2d4f272165e69c2b31bf57|0x3b48c7036f1326feeb
439488|0x1803e6d4|0x2f211d71a43dd72e543475|0x419ce65daf8fcdf515
439489|0x1803e6d4|0x2f215f0e8a9b86be22298a|0x419ce65daf8fcdf515
439490|0x1803e6d4|0x2f21a0ab70f9364df01e9f|0x419ce65daf8fcdf515
439491|0x1803e6d4|0x2f21e2485756e5ddbe13b4|0x419ce65daf8fcdf515
439492|0x1803e6d4|0x2f2223e53db4956d8c08c9|0x419ce65daf8fcdf515
441504|0x1803d589|0x3125d22fb4c42dbed0c6cc|0x42c4d51d79aa60820c
441505|0x1803d589|0x312614f489e1a7693148d8|0x42c4d51d79aa60820c
441506|0x1803d589|0x312657b95eff211391cae4|0x42c4d51d79aa60820c
441507|0x1803d589|0x31269a7e341c9abdf24cf0|0x42c4d51d79aa60820c
441508|0x1803d589|0x3126dd43093a146852cefc|0x42c4d51d79aa60820c
443520|0x18038b85|0x3333a5b00c3e8db51e492f|0x4836e479bbe8ade5ef
443521|0x18038b85|0x3333ede6f0b8499dcc2f1e|0x4836e479bbe8ade5ef
443522|0x18038b85|0x3334361dd53205867a150d|0x4836e479bbe8ade5ef
443523|0x18038b85|0x33347e54b9abc16f27fafc|0x4836e479bbe8ade5ef
443524|0x18038b85|0x3334c68b9e257d57d5e0eb|0x4836e479bbe8ade5ef
445536|0x180375ff|0x356c57b864ae7a7065cc9e|0x49f7fe41e04a82af3e
445537|0x180375ff|0x356ca1b062f05abae87bdc|0x49f7fe41e04a82af3e
445538|0x180375ff|0x356ceba861323b056b2b1a|0x49f7fe41e04a82af3e
445539|0x180375ff|0x356d35a05f741b4fedda58|0x49f7fe41e04a82af3e
445540|0x180375ff|0x356d7f985db5fb9a708996|0x49f7fe41e04a82af3e
447552|0x18034379|0x37b2dd23c8a67c2d67e9eb|0x4e711b73974260c44b
447553|0x18034379|0x37b32b94e41a136fc8ae36|0x4e711b73974260c44b
447554|0x18034379|0x37b37a05ff8daab2297281|0x4e711b73974260c44b
447555|0x18034379|0x37b3c8771b0141f48a36cc|0x4e711b73974260c44b
447556|0x18034379|0x37b416e83674d936eafb17|0x4e711b73974260c44b
449568|0x1802cc47|0x3a1ca4e9a680630a345536|0x5b7ecb0653652360f6
449569|0x1802cc47|0x3a1d00687186b66f57b62c|0x5b7ecb0653652360f6
449570|0x1802cc47|0x3a1d5be73c8d09d47b1722|0x5b7ecb0653652360f6
449571|0x1802cc47|0x3a1db76607935d399e7818|0x5b7ecb0653652360f6
449572|0x1802cc47|0x3a1e12e4d299b09ec1d90e|0x5b7ecb0653652360f6
451584|0x18029ab9|0x3ced3235633765de83159f|0x624bb5ec99c2d6901f
451585|0x18029ab9|0x3ced94811923ffa159a5be|0x624bb5ec99c2d6901f
451586|0x18029ab9|0x3cedf6cccf1099643035dd|0x624bb5ec99c2d6901f
451587|0x18029ab9|0x3cee591884fd332706c5fc|0x624bb5ec99c2d6901f
451588|0x18029ab9|0x3ceebb643ae9cce9dd561b|0x624bb5ec99c2d6901f
453600|0x18027e93|0x3ff34ac342b3e73a6a4274|0x66a0ee2e3cc50ec8d4
453601|0x18027e93|0x3ff3b16430e223ff790b48|0x66a0ee2e3cc50ec8d4
453602|0x18027e93|0x3ff418051f1060c487d41c|0x66a0ee2e3cc50ec8d4
453603|0x18027e93|0x3ff47ea60d3e9d89969cf0|0x66a0ee2e3cc50ec8d4
453604|0x18027e93|0x3ff4e546fb6cda4ea565c4|0x66a0ee2e3cc50ec8d4
455616|0x180262df|0x431b82be6a5daeba13c669|0x6b4869b974704ac749
455617|0x180262df|0x431bee06d417232a5e8db2|0x6b4869b974704ac749
455618|0x180262df|0x431c594f3dd0979aa954fb|0x6b4869b974704ac749
455619|0x180262df|0x431cc497a78a0c0af41c44|0x6b4869b974704ac749
455620|0x180262df|0x431d2fe01143807b3ee38d|0x6b4869b974704ac749
457632|0x18024fb1|0x46686079413d205baf7831|0x6ec2ac23f1c5051a31
457633|0x18024fb1|0x4668cf3bed611220b49262|0x6ec2ac23f1c5051a31
457634|0x18024fb1|0x46693dfe998503e5b9ac93|0x6ec2ac23f1c5051a31
457635|0x18024fb1|0x4669acc145a8f5aabec6c4|0x6ec2ac23f1c5051a31
457636|0x18024fb1|0x466a1b83f1cce76fc3e0f5|0x6ec2ac23f1c5051a31
459648|0x1802335a|0x49d0a31743c10a61a91cc8|0x74551397ec42d07ce8
459649|0x1802335a|0x49d1176c5758f6a47999b0|0x74551397ec42d07ce8
459650|0x1802335a|0x49d18bc16af0e2e74a1698|0x74551397ec42d07ce8
459651|0x1802335a|0x49d200167e88cf2a1a9380|0x74551397ec42d07ce8
459652|0x1802335a|0x49d2746b9220bb6ceb1068|0x74551397ec42d07ce8
461664|0x18021c73|0x4d64c5ff94aa3289043894|0x7943181c864053f5b4
461665|0x18021c73|0x4d653f42acc6b8c9582e48|0x7943181c864053f5b4
461666|0x18021c73|0x4d65b885c4e33f09ac23fc|0x7943181c864053f5b4
461667|0x18021c73|0x4d6631c8dcffc54a0019b0|0x7943181c864053f5b4
461668|0x18021c73|0x4d66ab0bf51c4b8a540f64|0x7943181c864053f5b4
463680|0x18021b3e|0x511fb6a2f1ce7d1e47da84|0x7988949f964068ae24
463681|0x18021b3e|0x5120302b866e135eb088a8|0x7988949f964068ae24
463682|0x18021b3e|0x5120a9b41b0da99f1936cc|0x7988949f964068ae24
463683|0x18021b3e|0x5121233cafad3fdf81e4f0|0x7988949f964068ae24
463684|0x18021b3e|0x51219cc5444cd61fea9314|0x7988949f964068ae24
465696|0x1801f6a7|0x54dcd30e260bdd0a854f61|0x8261601dbaf44ac781
465697|0x1801f6a7|0x54dd556f862997fed016e2|0x8261601dbaf44ac781
465698|0x1801f6a7|0x54ddd7d0e64752f31ade63|0x8261601dbaf44ac781
465699|0x1801f6a7|0x54de5a3246650de765a5e4|0x8261601dbaf44ac781
465700|0x1801f6a7|0x54dedc93a682c8dbb06d65|0x8261601dbaf44ac781
467712|0x1801d854|0x58df9a41f1a344e27b0673|0x8ac04194deff5d66b3
467713|0x1801d854|0x58e02502333823e1d86d26|0x8ac04194deff5d66b3
467714|0x1801d854|0x58e0afc274cd02e135d3d9|0x8ac04194deff5d66b3
467715|0x1801d854|0x58e13a82b661e1e0933a8c|0x8ac04194deff5d66b3
467716|0x1801d854|0x58e1c542f7f6c0dff0a13f|0x8ac04194deff5d66b3
469728|0x18019eaf|0x5d24579003cc63420892c4|0x9e09df61e25f623164
469729|0x18019eaf|0x5d24f599e32e45a16ac428|0x9e09df61e25f623164
469730|0x18019eaf|0x5d2593a3c2902800ccf58c|0x9e09df61e25f623164
469731|0x18019eaf|0x5d2631ada1f20a602f26f0|0x9e09df61e25f623164
469732|0x18019eaf|0x5d26cfb78153ecbf915854|0x9e09df61e25f623164
471744|0x18018b7e|0x6200ecfa6262a8eb1449c1|0xa5b51b2178e328f4e1
471745|0x18018b7e|0x620192af7d8421ce3d3ea2|0xa5b51b2178e328f4e1
471746|0x18018b7e|0x6202386498a59ab1663383|0xa5b51b2178e328f4e1
471747|0x18018b7e|0x6202de19b3c713948f2864|0xa5b51b2178e328f4e1
471748|0x18018b7e|0x620383cecee88c77b81d45|0xa5b51b2178e328f4e1
473760|0x18018d30|0x6719de7af9292d8f73cb10|0xa5000a5000a5000a50
473761|0x18018d30|0x671a837b03792e3473d560|0xa5000a5000a5000a50
473762|0x18018d30|0x671b287b0dc92ed973dfb0|0xa5000a5000a5000a50
473763|0x18018d30|0x671bcd7b18192f7e73ea00|0xa5000a5000a5000a50
473764|0x18018d30|0x671c727b2269302373f450|0xa5000a5000a5000a50
475776|0x18015ddc|0x6c2d551e506db3fbf8d60d|0xbb522b8f73b133df4d
475777|0x18015ddc|0x6c2e10707bfd27ad2cb55a|0xbb522b8f73b133df4d
475778|0x18015ddc|0x6c2ecbc2a78c9b5e6094a7|0xbb522b8f73b133df4d
475779|0x18015ddc|0x6c2f8714d31c0f0f9473f4|0xbb522b8f73b133df4d
475780|0x18015ddc|0x6c304266feab82c0c85341|0xbb522b8f73b133df4d
477792|0x18014735|0x71f0892d30a60a14e1adae|0xc84a0218b6519e388e
477793|0x18014735|0x71f1517732bec0667fe63c|0xc84a0218b6519e388e
477794|0x18014735|0x71f219c134d776b81e1eca|0xc84a0218b6519e388e
477795|0x18014735|0x71f2e20b36f02d09bc5758|0xc84a0218b6519e388e
477796|0x18014735|0x71f3aa553908e35b5a8fe6|0xc84a0218b6519e388e
479808|0x180130e0|0x7819dea982c48904745c8f|0xd6f5d19b728333892f
479809|0x180130e0|0x781ab59f545ffb87a7e5be|0xd6f5d19b728333892f
479810|0x180130e0|0x781b8c9525fb6e0adb6eed|0xd6f5d19b728333892f
479811|0x180130e0|0x781c638af796e08e0ef81c|0xd6f5d19b728333892f
479812|0x180130e0|0x781d3a80c932531142814b|0xd6f5d19b728333892f
481824|0x18013ce9|0x7eb6a652531c5ad6a4b8e9|0xcecbf9cd7b1f8b9369
481825|0x18013ce9|0x7eb7751e4ce9d5f6304c52|0xcecbf9cd7b1f8b9369
481826|0x18013ce9|0x7eb843ea46b75115bbdfbb|0xcecbf9cd7b1f8b9369
481827|0x18013ce9|0x7eb912b64084cc35477324|0xcecbf9cd7b1f8b9369
481828|0x18013ce9|0x7eb9e1823a524754d3068d|0xcecbf9cd7b1f8b9369
483840|0x1801310b|0x851334ad0fde4a7e8d9236|0xd6d78465d25c4b91d6
483841|0x1801310b|0x85140b8494441cdad9240c|0xd6d78465d25c4b91d6
483842|0x1801310b|0x8514e25c18a9ef3724b5e2|0xd6d78465d25c4b91d6
483843|0x1801310b|0x8515b9339d0fc1937047b8|0xd6d78465d25c4b91d6
483844|0x1801310b|0x8516900b217593efbbd98e|0xd6d78465d25c4b91d6
485856|0x1800ff18|0x8baf3ff10050463f799e3c|0x100e8d2ff374a1b289c
485857|0x1800ff18|0x8bb040d9d34f7d8994c6d8|0x100e8d2ff374a1b289c
485858|0x1800ff18|0x8bb141c2a64eb4d3afef74|0x100e8d2ff374a1b289c
485859|0x1800ff18|0x8bb242ab794dec1dcb1810|0x100e8d2ff374a1b289c
485860|0x1800ff18|0x8bb343944c4d2367e640ac|0x100e8d2ff374a1b289c
487872|0x1800fa73|0x93966e32459e81fcc36212|0x105ac7e7a0b71851ff2
487873|0x1800fa73|0x939773dec4188d6e488204|0x105ac7e7a0b71851ff2
487874|0x1800fa73|0x9398798b429298dfcda1f6|0x105ac7e7a0b71851ff2
487875|0x1800fa73|0x93997f37c10ca45152c1e8|0x105ac7e7a0b71851ff2
487876|0x1800fa73|0x939a84e43f86afc2d7e1da|0x105ac7e7a0b71851ff2
489888|0x1800eb30|0x9ba32d91462b653b8e6601|0x116a77decd0b7f49221
489889|0x1800eb30|0x9ba44438c41835f382f822|0x116a77decd0b7f49221
489890|0x1800eb30|0x9ba55ae0420506ab778a43|0x116a77decd0b7f49221
489891|0x1800eb30|0x9ba67187bff1d7636c1c64|0x116a77decd0b7f49221
489892|0x1800eb30|0x9ba7882f3ddea81b60ae85|0x116a77decd0b7f49221
491904|0x1800c1bd|0xa435d02ec32ad9158c6407|0x1524552009bebf3cc47
491905|0x1800c1bd|0xa4372274152b750180304e|0x1524552009bebf3cc47
491906|0x1800c1bd|0xa43874b9672c10ed73fc95|0x1524552009bebf3cc47
491907|0x1800c1bd|0xa439c6feb92cacd967c8dc|0x1524552009bebf3cc47
491908|0x1800c1bd|0xa43b19440b2d48c55b9523|0x1524552009bebf3cc47
493920|0x1800ce4b|0xae9d9d7e585fa6d8c5a901|0x13daf2269878f446221
493921|0x1800ce4b|0xae9edb2d7ac92e680a0b22|0x13daf2269878f446221
493922|0x1800ce4b|0xaea018dc9d32b5f74e6d43|0x13daf2269878f446221
493923|0x1800ce4b|0xaea1568bbf9c3d8692cf64|0x13daf2269878f446221
493924|0x1800ce4b|0xaea2943ae205c515d73185|0x13daf2269878f446221
495936|0x1800d0f6|0xb8635c9ef9548a68e89286|0x139a0c452e2e4e287c6
495937|0x1800d0f6|0xb864963fbda76d4dcb1a4c|0x139a0c452e2e4e287c6
495938|0x1800d0f6|0xb865cfe081fa5032ada212|0x139a0c452e2e4e287c6
495939|0x1800d0f6|0xb8670981464d33179029d8|0x139a0c452e2e4e287c6
495940|0x1800d0f6|0xb86843220aa015fc72b19e|0x139a0c452e2e4e287c6
497952|0x1800b0ed|0xc20967728cc8d71c80272e|0x1726a4b0c65208ce52e
497953|0x1800b0ed|0xc20ad9dcd7d53c3d0d0c5c|0x1726a4b0c65208ce52e
497954|0x1800b0ed|0xc20c4c4722e1a15d99f18a|0x1726a4b0c65208ce52e
497955|0x1800b0ed|0xc20dbeb16dee067e26d6b8|0x1726a4b0c65208ce52e
497956|0x1800b0ed|0xc20f311bb8fa6b9eb3bbe6|0x1726a4b0c65208ce52e
499968|0x18009645|0xcd6eae36c0cee5640896d3|0x1b41f7d761312888a93
499969|0x18009645|0xcd7062563e44f876912166|0x1b41f7d761312888a93
499970|0x18009645|0xcd721675bbbb0b8919abf9|0x1b41f7d761312888a93
499971|0x18009645|0xcd73ca9539311e9ba2368c|0x1b41f7d761312888a93
499972|0x18009645|0xcd757eb4b6a731ae2ac11f|0x1b41f7d761312888a93
501984|0x180091c1|0xdad933b5baa0d16df2e667|0x1c1a27571cd292f9487
501985|0x180091c1|0xdadaf55830129e97227aee|0x1c1a27571cd292f9487
501986|0x180091c1|0xdadcb6faa5846bc0520f75|0x1c1a27571cd292f9487
501987|0x180091c1|0xdade789d1af638e981a3fc|0x1c1a27571cd292f9487
501988|0x180091c1|0xdae03a3f90680612b13883|0x1c1a27571cd292f9487
504000|0x177e578c|0xe8ae58283d44a822534bab|0x206b817e5ff86de52ab
504001|0x177e578c|0xe8b05ee0552aa7a9319e56|0x206b817e5ff86de52ab
504002|0x177e578c|0xe8b265986d10a7300ff101|0x206b817e5ff86de52ab
504003|0x177e578c|0xe8b46c5084f6a6b6ee43ac|0x206b817e5ff86de52ab
504004|0x177e578c|0xe8b673089cdca63dcc9657|0x206b817e5ff86de52ab
506016|0x176c2146|0xf8a399423620c6cffb6a57|0x25e15dd85d81dbb6eb7
506017|0x176c2146|0xf8a5f75813a69eedb6d90e|0x25e15dd85d81dbb6eb7
506018|0x176c2146|0xf8a8556df12c770b7247c5|0x25e15dd85d81dbb6eb7
506019|0x176c2146|0xf8aab383ceb24f292db67c|0x25e15dd85d81dbb6eb7
506020|0x176c2146|0xf8ad1199ac382746e92533|0x25e15dd85d81dbb6eb7
508032|0x1761e9f8|0x10b48c4af63b795de0035c8|0x29d528d16bd07b85908
508033|0x1761e9f8|0x10b4b6201f0ce52e5b88ed0|0x29d528d16bd07b85908
508034|0x1761e9f8|0x10b4dff547de50fed70e7d8|0x29d528d16bd07b85908
508035|0x1761e9f8|0x10b509ca70afbccf52940e0|0x29d528d16bd07b85908
508036|0x1761e9f8|0x10b5339f9981289fce199e8|0x29d528d16bd07b85908
510048|0x175d97dc|0x11fdfcdacb1f67ba269c28c|0x2bc38c845060064c6cc
510049|0x175d97dc|0x11fe289e57a3b81a2ce8958|0x2bc38c845060064c6cc
510050|0x175d97dc|0x11fe5461e428087a3335024|0x2bc38c845060064c6cc
510051|0x175d97dc|0x11fe802570ac58da39816f0|0x2bc38c845060064c6cc
510052|0x175d97dc|0x11feabe8fd30a93a3fcddbc|0x2bc38c845060064c6cc
512064|0x175589a3|0x1356a4ec76e16b091dd6462|0x2fe2a64d5f7d63ae222
512065|0x175589a3|0x1356d4cf1d2eca868184684|0x2fe2a64d5f7d63ae222
512066|0x175589a3|0x135704b1c37c2a03e5328a6|0x2fe2a64d5f7d63ae222
512067|0x175589a3|0x1357349469c9898148e0ac8|0x2fe2a64d5f7d63ae222
512068|0x175589a3|0x135764771016e8feac8ecea|0x2fe2a64d5f7d63ae222
514080|0x17514a49|0x14cfc04a9e06ac985c46b63|0x32632c22a59ba6d1d63
514081|0x17514a49|0x14cff2adca29523403188c6|0x32632c22a59ba6d1d63
514082|0x17514a49|0x14d02510f64bf7cfa9ea629|0x32632c22a59ba6d1d63
514083|0x17514a49|0x14d05774226e9d6b50bc38c|0x32632c22a59ba6d1d63
514084|0x17514a49|0x14d089d74e914306f78e0ef|0x32632c22a59ba6d1d63
516096|0x17502ab7|0x165c8dfaee19e857a57dce9|0x3317eb5db7993b92349
516097|0x17502ab7|0x165cc112d9779ff0e110032|0x3317eb5db7993b92349
516098|0x17502ab7|0x165cf42ac4d5578a1ca237b|0x3317eb5db7993b92349
516099|0x17502ab7|0x165d2742b0330f2358346c4|0x3317eb5db7993b92349
516100|0x17502ab7|0x165d5a5a9b90c6bc93c6a0d|0x3317eb5db7993b92349
518112|0x1749500d|0x17eeef1f4e8c1e98604cd1d|0x37dec9ca1724d70349d
518113|0x1749500d|0x17ef26fe185635bd37501ba|0x37dec9ca1724d70349d
518114|0x1749500d|0x17ef5edce2204ce20e53657|0x37dec9ca1724d70349d
518115|0x1749500d|0x17ef96bbabea6406e556af4|0x37dec9ca1724d70349d
518116|0x1749500d|0x17efce9a75b47b2bbc59f91|0x37dec9ca1724d70349d
520128|0x1745fb53|0x19a6ec3d2d4dcaf588ba750|0x3a8791158164c58ba70
520129|0x1745fb53|0x19a726c4be634c5a4e461c0|0x3a8791158164c58ba70
520130|0x1745fb53|0x19a7614c4f78cdbf13d1c30|0x3a8791158164c58ba70
520131|0x1745fb53|0x19a79bd3e08e4f23d95d6a0|0x3a8791158164c58ba70
520132|0x1745fb53|0x19a7d65b71a3d0889ee9110|0x3a8791158164c58ba70
522144|0x1743eca9|0x1b73d9998859660d9174e82|0x3c4d62c622e92282fa2
522145|0x1743eca9|0x1b7415e6eb1f88f6b3f7e24|0x3c4d62c622e92282fa2
522146|0x1743eca9|0x1b7452344de5abdfd67adc6|0x3c4d62c622e92282fa2
522147|0x1743eca9|0x1b748e81b0abcec8f8fdd68|0x3c4d62c622e92282fa2
522148|0x1743eca9|0x1b74cacf1371f1b21b80d0a|0x3c4d62c622e92282fa2
524160|0x17415a49|0x1d4ebd62dfc3e6ca2159e6c|0x3eace1ddb7b5eaf63cc
524161|0x17415a49|0x1d4efc0fc1a19e800c50238|0x3eace1ddb7b5eaf63cc
524162|0x17415a49|0x1d4f3abca37f5635f746604|0x3eace1ddb7b5eaf63cc
524163|0x17415a49|0x1d4f7969855d0debe23c9d0|0x3eace1ddb7b5eaf63cc
524164|0x17415a49|0x1d4fb816673ac5a1cd32d9c|0x3eace1ddb7b5eaf63cc
526176|0x1738f841|0x1f3c580e872d700c4c010ba|0x47e5d740885dc27ef9a
526177|0x1738f841|0x1f3c9ff45e6df86a0e80054|0x47e5d740885dc27ef9a
526178|0x1738f841|0x1f3ce7da35ae80c7d0fefee|0x47e5d740885dc27ef9a
526179|0x1738f841|0x1f3d2fc00cef0925937df88|0x47e5d740885dc27ef9a
526180|0x1738f841|0x1f3d77a5e42f918355fcf22|0x47e5d740885dc27ef9a
528192|0x17376f56|0x21728c0b3e6e0c49b95756e|0x49e3724f423f87e778e
528193|0x17376f56|0x2172d5eeb0bd4e89413ecfc|0x49e3724f423f87e778e
528194|0x17376f56|0x21731fd2230c90c8c92648a|0x49e3724f423f87e778e
528195|0x17376f56|0x217369b5955bd308510dc18|0x49e3724f423f87e778e
528196|0x17376f56|0x2173b39907ab1547d8f53a6|0x49e3724f423f87e778e
530208|0x17347a28|0x23b86f598cb9f15f9aad8b3|0x4e0d907173072a65c93
530209|0x17347a28|0x23b8bd671d2b6466c513546|0x4e0d907173072a65c93
530210|0x17347a28|0x23b90b74ad9cd76def791d9|0x4e0d907173072a65c93
530211|0x17347a28|0x23b959823e0e4a7519dee6c|0x4e0d907173072a65c93
530212|0x17347a28|0x23b9a78fce7fbd7c4444aff|0x4e0d907173072a65c93
532224|0x17365a17|0x261f1779d2a628be27359bc|0x4b5c58f3d1f7d55d7fc
532225|0x17365a17|0x261f62d62b99fab5fc931b8|0x4b5c58f3d1f7d55d7fc
532226|0x17365a17|0x261fae32848dccadd1f09b4|0x4b5c58f3d1f7d55d7fc
532227|0x17365a17|0x261ff98edd819ea5a74e1b0|0x4b5c58f3d1f7d55d7fc
532228|0x17365a17|0x262044eb3675709d7cab9ac|0x4b5c58f3d1f7d55d7fc
534240|0x172f4f7b|0x287099edb1f9dc411361179|0x5693b83205ca813af39
534241|0x172f4f7b|0x2870f0816a2be20b949c0b2|0x5693b83205ca813af39
534242|0x172f4f7b|0x28714715225de7d615d6feb|0x5693b83205ca813af39
534243|0x172f4f7b|0x28719da8da8feda09711f24|0x5693b83205ca813af39
534244|0x172f4f7b|0x2871f43c92c1f36b184ce5d|0x5693b83205ca813af39
536256|0x172c0da7|0x2b1a6b9ef019211363b6785|0x5cfa6c63afe32152465
536257|0x172c0da7|0x2b1ac8995c7cd0f68508bea|0x5cfa6c63afe32152465
536258|0x172c0da7|0x2b1b2593c8e080d9a65b04f|0x5cfa6c63afe32152465
536259|0x172c0da7|0x2b1b828e354430bcc7ad4b4|0x5cfa6c63afe32152465
536260|0x172c0da7|0x2b1bdf88a1a7e09fe8ff919|0x5cfa6c63afe32152465
538272|0x1729d72d|0x2df6a49f54ca7f8b26c2f98|0x61e5400bf1b47c75118
538273|0x1729d72d|0x2df7068494d6713fa3380b0|0x61e5400bf1b47c75118
538274|0x1729d72d|0x2df76869d4e262f41fad1c8|0x61e5400bf1b47c75118
538275|0x1729d72d|0x2df7ca4f14ee54a89c222e0|0x61e5400bf1b47c75118
538276|0x1729d72d|0x2df82c3454fa465d18973f8|0x61e5400bf1b47c75118
540288|0x172819a1|0x30f9963766fa3be9c83ac5f|0x6624f42c40bf04030df
540289|0x172819a1|0x30f9fc5c5b267ca8cc3dd3e|0x6624f42c40bf04030df
540290|0x172819a1|0x30fa62814f52bd67d040e1d|0x6624f42c40bf04030df
540291|0x172819a1|0x30fac8a6437efe26d443efc|0x6624f42c40bf04030df
540292|0x172819a1|0x30fb2ecb37ab3ee5d846fdb|0x6624f42c40bf04030df
542304|0x17275a1f|0x341dfb2b5a1ad45ff012ef4|0x68160acef8f593cd754
542305|0x17275a1f|0x341e634164e9cd5583e0648|0x68160acef8f593cd754
542306|0x17275a1f|0x341ecb576fb8c64b17add9c|0x68160acef8f593cd754
542307|0x17275a1f|0x341f336d7a87bf40ab7b4f0|0x68160acef8f593cd754
542308|0x17275a1f|0x341f9b838556b8363f48c44|0x68160acef8f593cd754
544320|0x1725c191|0x3751ad26c5d1e667a8bd0a0|0x6c7c589d7d115a7c380
544321|0x1725c191|0x375219a31e6f63790339420|0x6c7c589d7d115a7c380
544322|0x1725c191|0x3752861f770ce08a5db57a0|0x6c7c589d7d115a7c380
544323|0x1725c191|0x3752f29bcfaa5d9bb831b20|0x6c7c589d7d115a7c380
544324|0x1725c191|0x37535f182847daad12adea0|0x6c7c589d7d115a7c380
546336|0x17272fbd|0x3aa7fc6ae3b9256fc7542a7|0x68869e4bd370e6da587
546337|0x17272fbd|0x3aa864f18204f8e0ae2e82e|0x68869e4bd370e6da587
546338|0x17272fbd|0x3aa8cd782050cc519508db5|0x68869e4bd370e6da587
546339|0x17272fbd|0x3aa935febe9c9fc27be333c|0x68869e4bd370e6da587
546340|0x17272fbd|0x3aa99e855ce8733362bd8c3|0x68869e4bd370e6da587
548352|0x17272d92|0x3ddf208f4193c8fae341aa5|0x688c67055de20b4f665
548353|0x17272d92|0x3ddf891ba89926dcee9110a|0x688c67055de20b4f665
548354|0x17272d92|0x3ddff1a80f9e84bef9e076f|0x688c67055de20b4f665
548355|0x17272d92|0x3de05a3476a3e2a1052fdd4|0x688c67055de20b4f665
548356|0x17272d92|0x3de0c2c0dda94083107f439|0x688c67055de20b4f665
550368|0x172a4e2f|0x41166a8001f6de3662c50a7|0x60d1dd251f04798d107
550369|0x172a4e2f|0x4116cb51df1bfd3adc521ae|0x60d1dd251f04798d107
550370|0x172a4e2f|0x41172c23bc411c3f55df2b5|0x60d1dd251f04798d107
550371|0x172a4e2f|0x41178cf599663b43cf6c3bc|0x60d1dd251f04798d107
550372|0x172a4e2f|0x4117edc7768b5a4848f94c3|0x60d1dd251f04798d107
552384|0x1731d97c|0x4410d08679a623daca27899|0x522ad080216baa0e1d9
552385|0x1731d97c|0x441122b14a2645467435a72|0x522ad080216baa0e1d9
552386|0x1731d97c|0x441174dc1aa666b21e43c4b|0x522ad080216baa0e1d9
552387|0x1731d97c|0x4411c706eb26881dc851e24|0x522ad080216baa0e1d9
552388|0x1731d97c|0x44121931bba6a989725fffd|0x522ad080216baa0e1d9
554400|0x17371ef4|0x4697d9d4cce0bc3b019dd97|0x4a4f32b389f0b25b9f7
554401|0x17371ef4|0x46982423ff94462bb3f978e|0x4a4f32b389f0b25b9f7
554402|0x17371ef4|0x46986e733247d01c6655185|0x4a4f32b389f0b25b9f7
554403|0x17371ef4|0x4698b8c264fb5a0d18b0b7c|0x4a4f32b389f0b25b9f7
554404|0x17371ef4|0x4699031197aee3fdcb0c573|0x4a4f32b389f0b25b9f7
556416|0x173218a5|0x48e110f8185cdb6cba7653d|0x51c3385161a5d9ac87d
556417|0x173218a5|0x48e162bb50ae3d129422dba|0x51c3385161a5d9ac87d
556418|0x173218a5|0x48e1b47e88ff9eb86dcf637|0x51c3385161a5d9ac87d
556419|0x173218a5|0x48e20641c151005e477beb4|0x51c3385161a5d9ac87d
556420|0x173218a5|0x48e25804f9a262042128731|0x51c3385161a5d9ac87d
558432|0x172fd633|0x4b64f630473160d48508595|0x559fe644ecfb7591075
558433|0x172fd633|0x4b654bd02d764dcffa9960a|0x559fe644ecfb7591075
558434|0x172fd633|0x4b65a17013bb3acb702a67f|0x559fe644ecfb7591075
558435|0x172fd633|0x4b65f70ffa0027c6e5bb6f4|0x559fe644ecfb7591075
558436|0x172fd633|0x4b664cafe04514c25b4c769|0x559fe644ecfb7591075
560448|0x17306835|0x4e074063621383b0999130a|0x549da25cd399b40048a
560449|0x17306835|0x4e0795010470574a4d91794|0x549da25cd399b40048a
560450|0x17306835|0x4e07e99ea6cd2ae40191c1e|0x549da25cd399b40048a
560451|0x17306835|0x4e083e3c4929fe7db5920a8|0x549da25cd399b40048a
560452|0x17306835|0x4e0892d9eb86d2176992532|0x549da25cd399b40048a
562464|0x172e6f88|0x50a19d599dc228bdde419eb|0x583543091e3d7674cab
562465|0x172e6f88|0x50a1f58ee0cb46fb54b6696|0x583543091e3d7674cab
562466|0x172e6f88|0x50a24dc423d46538cb2b341|0x583543091e3d7674cab
562467|0x172e6f88|0x50a2a5f966dd8376419ffec|0x583543091e3d7674cab
562468|0x172e6f88|0x50a2fe2ea9e6a1b3b814c97|0x583543091e3d7674cab
564480|0x172e5b50|0x535840effe84728e8a4ea70|0x585bbbfd44094ac5a90
564481|0x172e5b50|0x5358994bba81b697d514500|0x585bbbfd44094ac5a90
564482|0x172e5b50|0x5358f1a7767efaa11fd9f90|0x585bbbfd44094ac5a90
564483|0x172e5b50|0x53594a03327c3eaa6a9fa20|0x585bbbfd44094ac5a90
564484|0x172e5b50|0x5359a25eee7982b3b5654b0|0x585bbbfd44094ac5a90
566496|0x172e6117|0x5610134d674dbcc9b1d9b0e|0x5850ba4ec5179dbdd2e
566497|0x172e6117|0x56106b9e219c81e14f9783c|0x5850ba4ec5179dbdd2e
566498|0x172e6117|0x5610c3eedbeb46f8ed5556a|0x5850ba4ec5179dbdd2e
566499|0x172e6117|0x56111c3f963a0c108b13298|0x5850ba4ec5179dbdd2e
566500|0x172e6117|0x561174905088d12828d0fc6|0x5850ba4ec5179dbdd2e
568512|0x172c1f6c|0x58c7938cd3c26550788b3c3|0x5cd4fa7353a42d92ba3
568513|0x172c1f6c|0x58c7f061ce35b8f4a61df66|0x5cd4fa7353a42d92ba3
568514|0x172c1f6c|0x58c84d36c8a90c98d3b0b09|0x5cd4fa7353a42d92ba3
568515|0x172c1f6c|0x58c8aa0bc31c603d01436ac|0x5cd4fa7353a42d92ba3
568516|0x172c1f6c|0x58c906e0bd8fb3e12ed624f|0x5cd4fa7353a42d92ba3
570528|0x172c071d|0x5ba2a0f4610fef3f2d301eb|0x5d083b8e30abfebd62b
570529|0x172c071d|0x5ba2fdfc9c9e1feb2bed816|0x5d083b8e30abfebd62b
570530|0x172c071d|0x5ba35b04d82c50972aaae41|0x5d083b8e30abfebd62b
570531|0x172c071d|0x5ba3b80d13ba8143296846c|0x5d083b8e30abfebd62b
570532|0x172c071d|0x5ba415154f48b1ef2825a97|0x5d083b8e30abfebd62b
572544|0x172c4e11|0x5e7f413463c8921085dabc5|0x5c733e87890743fed65
572545|0x172c4e11|0x5e7f9da7a2501b17c9d992a|0x5c733e87890743fed65
572546|0x172c4e11|0x5e7ffa1ae0d7a41f0dd868f|0x5c733e87890743fed65
572547|0x172c4e11|0x5e80568e1f5f2d2651d73f4|0x5c733e87890743fed65
572548|0x172c4e11|0x5e80b3015de6b62d95d6159|0x5c733e87890743fed65
574560|0x1729ff38|0x615751d5796876e3d1d4a5f|0x6187e8d054a3192109f
574561|0x1729ff38|0x6157b35d6238cb86eaf5afe|0x6187e8d054a3192109f
574562|0x1729ff38|0x615814e54b09202a0416b9d|0x6187e8d054a3192109f
574563|0x1729ff38|0x6158766d33d974cd1d37c3c|0x6187e8d054a3192109f
574564|0x1729ff38|0x6158d7f51ca9c9703658cdb|0x6187e8d054a3192109f
576576|0x1729fb45|0x645760280ec0c4eb6727693|0x6191158e1e44ca458b3
576577|0x1729fb45|0x6457c1b9244ee330316cf46|0x6191158e1e44ca458b3
576578|0x1729fb45|0x6458234a39dd0174fbb27f9|0x6191158e1e44ca458b3
576579|0x1729fb45|0x645884db4f6b1fb9c5f80ac|0x6191158e1e44ca458b3
576580|0x1729fb45|0x6458e66c64f93dfe903d95f|0x6191158e1e44ca458b3
578592|0x1725bb76|0x6757c1ae9ed854bb8c744d5|0x6c8de677505c0bea555
578593|0x1725bb76|0x67582e3c854fa517985ea2a|0x6c8de677505c0bea555
578594|0x1725bb76|0x67589aca6bc6f573a448f7f|0x6c8de677505c0bea555
578595|0x1725bb76|0x67590758523e45cfb0334d4|0x6c8de677505c0bea555
578596|0x1725bb76|0x675973e638b5962bbc1da29|0x6c8de677505c0bea555
580608|0x1725fd03|0x6aae9e6a398ffaf783a2159|0x6bd2959621ba2db8479
580609|0x1725fd03|0x6aaf0a3ccf261cb1b15a5d2|0x6bd2959621ba2db8479
580610|0x1725fd03|0x6aaf760f64bc3e6bdf12a4b|0x6bd2959621ba2db8479
580611|0x1725fd03|0x6aafe1e1fa5260260ccaec4|0x6bd2959621ba2db8479
580612|0x1725fd03|0x6ab04db48fe881e03a8333d|0x6bd2959621ba2db8479
582624|0x1723792c|0x6dffc06931efa5fb472f955|0x73778fac3295e612395
582625|0x1723792c|0x6e0033e0c19bd8912d41cea|0x73778fac3295e612395
582626|0x1723792c|0x6e00a75851480b27135407f|0x73778fac3295e612395
582627|0x1723792c|0x6e011acfe0f43dbcf966414|0x73778fac3295e612395
582628|0x1723792c|0x6e018e4770a07052df787a9|0x73778fac3295e612395
584640|0x171f0d9b|0x718d1e6432a617e405f00b5|0x83e72454480ad54f595
584641|0x171f0d9b|0x718da24b56fa5feedb3f64a|0x83e72454480ad54f595
584642|0x171f0d9b|0x718e26327b4ea7f9b08ebdf|0x83e72454480ad54f595
584643|0x171f0d9b|0x718eaa199fa2f00485de174|0x83e72454480ad54f595
584644|0x171f0d9b|0x718f2e00c3f7380f5b2d709|0x83e72454480ad54f595
586656|0x171f3a08|0x759bd9e6a24f37a9fae6f68|0x832b7c461280f966ee8
586657|0x171f3a08|0x759c5d121e954a2af44de50|0x832b7c461280f966ee8
586658|0x171f3a08|0x759ce03d9adb5cabedb4d38|0x832b7c461280f966ee8
586659|0x171f3a08|0x759d636917216f2ce71bc20|0x832b7c461280f966ee8
586660|0x171f3a08|0x759de694936781ade082b08|0x832b7c461280f966ee8
588672|0x171c3039|0x79a4de7cb11947cc5391fff|0x914ee33e6af7477bc7f
588673|0x171c3039|0x79a56fcb9457b2c39b0dc7e|0x914ee33e6af7477bc7f
588674|0x171c3039|0x79a6011a77961dbae2898fd|0x914ee33e6af7477bc7f
588675|0x171c3039|0x79a692695ad488b22a0557c|0x914ee33e6af7477bc7f
588676|0x171c3039|0x79a723b83e12f3a971811fb|0x914ee33e6af7477bc7f
590688|0x171ba3d1|0x7e1d2e9c60f4ef57afac9db|0x9431078fb72fb4cfe3b
590689|0x171ba3d1|0x7e1dc2cd6884a687647c816|0x9431078fb72fb4cfe3b
590690|0x171ba3d1|0x7e1e56fe70145db7194c651|0x9431078fb72fb4cfe3b
590691|0x171ba3d1|0x7e1eeb2f77a414e6ce1c48c|0x9431078fb72fb4cfe3b
590692|0x171ba3d1|0x7e1f7f607f33cc1682ec2c7|0x9431078fb72fb4cfe3b
592704|0x171a213e|0x82ac39485277352d9f0d8fb|0x9cc16d4f6555bf0fcbb
592705|0x171a213e|0x82acd609bfc69a835e1d5b6|0x9cc16d4f6555bf0fcbb
592706|0x171a213e|0x82ad72cb2d15ffd91d2d271|0x9cc16d4f6555bf0fcbb
592707|0x171a213e|0x82ae0f8c9a65652edc3cf2c|0x9cc16d4f6555bf0fcbb
592708|0x171a213e|0x82aeac4e07b4ca849b4cbe7|0x9cc16d4f6555bf0fcbb
594720|0x1717abf5|0x877ebccc4e7347e21379b18|0xad08980d74c99717e38
594721|0x1717abf5|0x877f69d4e680bcabaa91950|0xad08980d74c99717e38
594722|0x1717abf5|0x878016dd7e8e317541a9788|0xad08980d74c99717e38
594723|0x1717abf5|0x8780c3e6169ba63ed8c15c0|0xad08980d74c99717e38
594724|0x1717abf5|0x878170eeaea91b086fd93f8|0xad08980d74c99717e38
596736|0x17160f24|0x8cd16d1fe2188fe5f595722|0xb9aec1bb09479d14142
596737|0x17160f24|0x8cd226cea3d3992d92a9864|0xb9aec1bb09479d14142
596738|0x17160f24|0x8cd2e07d658ea2752fbd9a6|0xb9aec1bb09479d14142
596739|0x17160f24|0x8cd39a2c2749abbcccd1ae8|0xb9aec1bb09479d14142
596740|0x17160f24|0x8cd453dae904b50469e5c2a|0xb9aec1bb09479d14142
598752|0x1715a35c|0x9287b0f2697fe48afe0666b|0xbd4ba83949f7a7668cb
598753|0x1715a35c|0x92886e3e11b92e82a56cf36|0xbd4ba83949f7a7668cb
598754|0x1715a35c|0x92892b89b9f2787a4cd3801|0xbd4ba83949f7a7668cb
598755|0x1715a35c|0x9289e8d5622bc271f43a0cc|0xbd4ba83949f7a7668cb
598756|0x1715a35c|0x928aa6210a650c699ba0997|0xbd4ba83949f7a7668cb
600768|0x17148edf|0x985a6eb108886f5c2dd5097|0xc73d841b56828fa1457
600769|0x17148edf|0x985b35ee8ca3c5debd764ee|0xc73d841b56828fa1457
600770|0x17148edf|0x985bfd2c10bf1c614d17945|0xc73d841b56828fa1457
600771|0x17148edf|0x985cc46994da72e3dcb8d9c|0xc73d841b56828fa1457
600772|0x17148edf|0x985d8ba718f5c9666c5a1f3|0xc73d841b56828fa1457
602784|0x171620d1|0x9e7b64fe4b24c85b3aa5c89|0xb91a6f6e6b56866f329
602785|0x171620d1|0x9e7c1e18ba9333b1c114fb2|0xb91a6f6e6b56866f329
602786|0x171620d1|0x9e7cd7332a019f0847842db|0xb91a6f6e6b56866f329
602787|0x171620d1|0x9e7d904d99700a5ecdf3604|0xb91a6f6e6b56866f329
602788|0x171620d1|0x9e7e496808de75b5546292d|0xb91a6f6e6b56866f329
604800|0x1715b23e|0xa42d18db2fff271f52c722d|0xbcc9cebb80b7f2e25ed
604801|0x1715b23e|0xa42dd5a4febaa7d745a981a|0xbcc9cebb80b7f2e25ed
604802|0x1715b23e|0xa42e926ecd76288f388be07|0xbcc9cebb80b7f2e25ed
604803|0x1715b23e|0xa42f4f389c31a9472b6e3f4|0xbcc9cebb80b7f2e25ed
604804|0x1715b23e|0xa4300c026aed29ff1e509e1|0xbcc9cebb80b7f2e25ed
606816|0x1715dbd2|0xa9fbccb01acfd11e40b65ef|0xbb62b4f6821e2a26f4f
606817|0x1715dbd2|0xa9fc8812cfc6533c6add53e|0xbb62b4f6821e2a26f4f
606818|0x1715dbd2|0xa9fd437584bcd55a950448d|0xbb62b4f6821e2a26f4f
606819|0x1715dbd2|0xa9fdfed839b35778bf2b3dc|0xbb62b4f6821e2a26f4f
606820|0x1715dbd2|0xa9feba3aeea9d996e95232b|0xbb62b4f6821e2a26f4f
608832|0x1715bcd0|0xafbf770c7c82a71abbaec12|0xbc6e0168aa8eb256752
608833|0x1715bcd0|0xafc0337a7deb51a96e05364|0xbc6e0168aa8eb256752
608834|0x1715bcd0|0xafc0efe87f53fc38205bab6|0xbc6e0168aa8eb256752
608835|0x1715bcd0|0xafc1ac5680bca6c6d2b2208|0xbc6e0168aa8eb256752
608836|0x1715bcd0|0xafc268c482255155850895a|0xbc6e0168aa8eb256752
610848|0x171465f2|0xb58b65b6d5e2469842c2da9|0xc8cd4289264fd090329
610849|0x171465f2|0xb58c2e84186b6ce813530d2|0xc8cd4289264fd090329
610850|0x171465f2|0xb58cf7515af49337e3e33fb|0xc8cd4289264fd090329
610851|0x171465f2|0xb58dc01e9d7db987b473724|0xc8cd4289264fd090329
610852|0x171465f2|0xb58e88ebe006dfd78503a4d|0xc8cd4289264fd090329
612864|0x17130c78|0xbbb8c45ca4a352999ab5c61|0xd707193c7dc6b8f4f01
612865|0x17130c78|0xbbb99b63bddfd06053aab62|0xd707193c7dc6b8f4f01
612866|0x17130c78|0xbbba726ad71c4e270c9fa63|0xd707193c7dc6b8f4f01
612867|0x17130c78|0xbbbb4971f058cbedc594964|0xd707193c7dc6b8f4f01
612868|0x17130c78|0xbbbc2079099549b47e89865|0xd707193c7dc6b8f4f01
614880|0x171232ff|0xc256264cde2a5852e2ba98b|0xe1109665068f781744b
614881|0x171232ff|0xc257075d748f5ee25ad1dd6|0xe1109665068f781744b
614882|0x171232ff|0xc257e86e0af46571d2e9221|0xe1109665068f781744b
614883|0x171232ff|0xc258c97ea1596c014b0066c|0xe1109665068f781744b
614884|0x171232ff|0xc259aa8f37be7290c317ab7|0xe1109665068f781744b
616896|0x17121ad4|0xc9428a19a9b9eb8bec0c3f8|0xe23d0660eff6ca2c018
616897|0x17121ad4|0xc9436c56b01adb82b638410|0xe23d0660eff6ca2c018
616898|0x17121ad4|0xc9444e93b67bcb798064428|0xe23d0660eff6ca2c018
616899|0x17121ad4|0xc94530d0bcdcbb704a90440|0xe23d0660eff6ca2c018
616900|0x17121ad4|0xc946130dc33dab6714bc458|0xe23d0660eff6ca2c018
618912|0x17122cbc|0xd03829ccffaf764ff73fbe9|0xe15e20f4c342bad3b09
618913|0x17122cbc|0xd0390b2b20a43992b2136f2|0xe15e20f4c342bad3b09
618914|0x17122cbc|0xd039ec894198fcd56ce71fb|0xe15e20f4c342bad3b09
618915|0x17122cbc|0xd03acde7628dc01827bad04|0xe15e20f4c342bad3b09
618916|0x17122cbc|0xd03baf458382835ae28e80d|0xe15e20f4c342bad3b09
620928|0x17110119|0xd726fe93c990ba74934225f|0xf0e1635459e813c7a9f
620929|0x17110119|0xd727ef752ce5145ca709cfe|0xf0e1635459e813c7a9f
620930|0x17110119|0xd728e05690396e44bad179d|0xf0e1635459e813c7a9f
620931|0x17110119|0xd729d137f38dc82cce9923c|0xf0e1635459e813c7a9f
620932|0x17110119|0xd72ac21956e22214e260cdb|0xf0e1635459e813c7a9f
622944|0x17143b41|0xde8fc71599d2029869469ac|0xca74fb519e702571dcc
622945|0x17143b41|0xde90918a9523a1088eb8778|0xca74fb519e702571dcc
622946|0x17143b41|0xde915bff90753f78b42a544|0xca74fb519e702571dcc
622947|0x17143b41|0xde9226748bc6dde8d99c310|0xca74fb519e702571dcc
622948|0x17143b41|0xde92f0e987187c58ff0e0dc|0xca74fb519e702571dcc
624960|0x171320bc|0xe4ca2bff09192630a9a4133|0xd62347d90ee18524ed3
624961|0x171320bc|0xe4cb022250f235122ec9006|0xd62347d90ee18524ed3
624962|0x171320bc|0xe4cbd84598cb43f3b3eded9|0xd62347d90ee18524ed3
624963|0x171320bc|0xe4ccae68e0a452d53912dac|0xd62347d90ee18524ed3
624964|0x171320bc|0xe4cd848c287d61b6be37c7f|0xd62347d90ee18524ed3
626976|0x1711a333|0xeb6093ed13aa748395a9a94|0xe83b85152d3bee5ea94
626977|0x1711a333|0xeb617c2898bfa1bf8408528|0xe83b85152d3bee5ea94
626978|0x1711a333|0xeb6264641dd4cefb7266fbc|0xe83b85152d3bee5ea94
626979|0x1711a333|0xeb634c9fa2e9fc3760c5a50|0xe83b85152d3bee5ea94
626980|0x1711a333|0xeb6434db27ff29734f244e4|0xe83b85152d3bee5ea94
628992|0x17117a39|0xf2856ac594fa8473f73dfae|0xea5bffa10537267e22e
628993|0x17117a39|0xf2865521949b89ab1dbc1dc|0xea5bffa10537267e22e
628994|0x17117a39|0xf2873f7d943c8ee2443a40a|0xea5bffa10537267e22e
628995|0x17117a39|0xf28829d993dd94196ab8638|0xea5bffa10537267e22e
628996|0x17117a39|0xf2891435937e99509136866|0xea5bffa10537267e22e
631008|0x171297f6|0xf9baf13120b8a790144932c|0xdc4a775616042236b6c
631009|0x171297f6|0xf9bbcd7b980ebd94367fe98|0xdc4a775616042236b6c
631010|0x171297f6|0xf9bca9c60f64d39858b6a04|0xdc4a775616042236b6c
631011|0x171297f6|0xf9bd861086bae99c7aed570|0xdc4a775616042236b6c
631012|0x171297f6|0xf9be625afe10ffa09d240dc|0xdc4a775616042236b6c
633024|0x17147f35|0x10081a72836a79b966c2bc83|0xc7d5c757a97d0b3a243
633025|0x17147f35|0x100826efdfdff45137765ec6|0xc7d5c757a97d0b3a243
633026|0x17147f35|0x1008336d3c556ee9082a0109|0xc7d5c757a97d0b3a243
633027|0x17147f35|0x10083fea98cae980d8dda34c|0xc7d5c757a97d0b3a243
633028|0x17147f35|0x10084c67f5406418a991458f|0xc7d5c757a97d0b3a243
635040|0x1711d4f2|0x106a77887e89686182bb3f0b|0xe5b3a6efdb4660e552b
635041|0x1711d4f2|0x106a85e3b8f86615e8c99436|0xe5b3a6efdb4660e552b
635042|0x1711d4f2|0x106a943ef36763ca4ed7e961|0xe5b3a6efdb4660e552b
635043|0x1711d4f2|0x106aa29a2dd6617eb4e63e8c|0xe5b3a6efdb4660e552b
635044|0x1711d4f2|0x106ab0f568455f331af493b7|0xe5b3a6efdb4660e552b
637056|0x1711d519|0x10db85f48931808a1d332ff7|0xe5b1b0929394fa79377
637057|0x1711d519|0x10db944fa43aa9c36cdac36e|0xe5b1b0929394fa79377
637058|0x1711d519|0x10dba2aabf43d2fcbc8256e5|0xe5b1b0929394fa79377
637059|0x1711d519|0x10dbb105da4cfc360c29ea5c|0xe5b1b0929394fa79377
637060|0x1711d519|0x10dbbf60f556256f5bd17dd3|0xe5b1b0929394fa79377
639072|0x17103a15|0x114c94d51132a4cdce9e0533|0xfc6bae5aa29b9691f93
639073|0x17103a15|0x114ca49bcc184ef7880724c6|0xfc6bae5aa29b9691f93
639074|0x17103a15|0x114cb46286fdf92141704459|0xfc6bae5aa29b9691f93
639075|0x17103a15|0x114cc42941e3a34afad963ec|0xfc6bae5aa29b9691f93
639076|0x17103a15|0x114cd3effcc94d74b442837f|0xfc6bae5aa29b9691f93
641088|0x1710b4f8|0x11c8d160d7288c960081a1bb|0xf52b03f895dcf74167b
641089|0x1710b4f8|0x11c8e0b3876815f3cff5b836|0xf52b03f895dcf74167b
641090|0x1710b4f8|0x11c8f00637a79f519f69ceb1|0xf52b03f895dcf74167b
641091|0x1710b4f8|0x11c8ff58e7e728af6edde52c|0xf52b03f895dcf74167b
641092|0x1710b4f8|0x11c90eab9826b20d3e51fba7|0xf52b03f895dcf74167b
643104|0x17109bac|0x12417ca42269b01b6990f1fa|0xf6a0726ea2186525e1a
643105|0x17109bac|0x12418c0e29909a3cefe35014|0xf6a0726ea2186525e1a
643106|0x17109bac|0x12419b7830b7845e7635ae2e|0xf6a0726ea2186525e1a
643107|0x17109bac|0x1241aae237de6e7ffc880c48|0xf6a0726ea2186525e1a
643108|0x17109bac|0x1241ba4c3f0558a182da6a62|0xf6a0726ea2186525e1a
645120|0x171007ea|0x12bae02a879ebd83297f1f96|0xff819e82f877d9b7ef6
645121|0x171007ea|0x12baf022a186ed0aa71a9e8c|0xff819e82f877d9b7ef6
645122|0x171007ea|0x12bb001abb6f1c9224b61d82|0xff819e82f877d9b7ef6
645123|0x171007ea|0x12bb1012d5574c19a2519c78|0xff819e82f877d9b7ef6
645124|0x171007ea|0x12bb200aef3f7ba11fed1b6e|0xff819e82f877d9b7ef6
647136|0x17103a12|0x1338a1c52ffd3032421d321f|0xfc6bdd057396db1c03f
647137|0x17103a12|0x1338b18bedcd876bafcef25e|0xfc6bdd057396db1c03f
647138|0x17103a12|0x1338c152ab9ddea51d80b29d|0xfc6bdd057396db1c03f
647139|0x17103a12|0x1338d119696e35de8b3272dc|0xfc6bdd057396db1c03f
647140|0x17103a12|0x1338e0e0273e8d17f8e4331b|0xfc6bdd057396db1c03f
649152|0x170e92aa|0x13b4e0a657a8bc86abcf8ccd|0x11911cccff4dff9a2acd
649153|0x170e92aa|0x13b4f2377475bbd4ab69b79a|0x11911cccff4dff9a2acd
649154|0x170e92aa|0x13b503c89142bb22ab03e267|0x11911cccff4dff9a2acd
649155|0x170e92aa|0x13b51559ae0fba70aa9e0d34|0x11911cccff4dff9a2acd
649156|0x170e92aa|0x13b526eacadcb9beaa383801|0x11911cccff4dff9a2acd
